Mjob_AT_HOME,Mjob_HEALTH,Mjob_OTHER,Mjob_SERVICES,Mjob_TEACHER,Fjob_AT_HOME,Fjob_HEALTH,Fjob_OTHER,Fjob_SERVICES,Fjob_TEACHER,reason_COURSE,reason_HOME,reason_OTHER,reason_REPUTATION,guardian_FATHER,guardian_MOTHER,guardian_OTHER,school,sex,age,address,famsize,Pstatus,Medu,Fedu,traveltime,studytime,failures,schoolsup,famsup,paid,activities,nursery,higher,internet,romantic,famrel,freetime,goout,Dalc,Walc,health,absences,G3
0.0,0.0,0.0,1.0,0.0,0.0,0.0,1.0,0.0,0.0,0.0,1.0,0.0,0.0,0.0,1.0,0.0,1.0,0.0,0.1428571428571428,1.0,1.0,1.0,0.75,0.75,0.0,0.3333333333333333,0.0,0.0,0.0,1.0,1.0,1.0,1.0,1.0,1.0,0.75,0.25,0.5,0.0,0.25,0.5,0.02666666666666667,12
0.0,0.0,1.0,0.0,0.0,0.0,0.0,1.0,0.0,0.0,0.0,1.0,0.0,0.0,1.0,0.0,0.0,1.0,0.0,0.1428571428571428,1.0,1.0,1.0,0.5,0.75,0.3333333333333333,0.0,0.0,0.0,0.0,0.0,0.0,1.0,1.0,1.0,0.0,1.0,0.5,0.5,0.0,0.0,0.5,0.0,14
1.0,0.0,0.0,0.0,0.0,0.0,0.0,0.0,1.0,0.0,0.0,1.0,0.0,0.0,0.0,1.0,0.0,1.0,1.0,0.1428571428571428,1.0,1.0,1.0,0.25,0.75,0.0,0.3333333333333333,1.0,0.0,0.0,0.0,1.0,0.0,1.0,1.0,1.0,0.75,0.5,1.0,0.0,0.0,0.5,0.0,0
0.0,0.0,0.0,0.0,1.0,0.0,1.0,0.0,0.0,0.0,0.0,1.0,0.0,0.0,0.0,1.0,0.0,1.0,1.0,0.1428571428571428,1.0,1.0,1.0,1.0,0.75,0.0,0.6666666666666667,0.0,1.0,1.0,1.0,1.0,1.0,1.0,1.0,0.0,0.5,0.75,0.75,0.25,0.75,0.75,0.02666666666666667,9
0.0,0.0,1.0,0.0,0.0,0.0,0.0,1.0,0.0,0.0,1.0,0.0,0.0,0.0,0.0,1.0,0.0,1.0,0.0,0.1428571428571428,0.0,1.0,1.0,0.5,0.25,0.3333333333333333,0.0,0.0,0.0,0.0,0.0,1.0,0.0,1.0,0.0,0.0,0.5,0.5,0.25,0.0,0.5,0.5,0.0,8
0.0,0.0,1.0,0.0,0.0,0.0,0.0,1.0,0.0,0.0,0.0,0.0,0.0,1.0,0.0,1.0,0.0,1.0,1.0,0.4285714285714284,0.0,1.0,1.0,0.75,0.25,0.0,0.3333333333333333,0.3333333333333333,0.0,0.0,0.0,1.0,1.0,1.0,1.0,1.0,1.0,0.5,0.5,0.0,0.0,0.75,0.21333333333333335,7
1.0,0.0,0.0,0.0,0.0,0.0,0.0,1.0,0.0,0.0,1.0,0.0,0.0,0.0,1.0,0.0,0.0,1.0,1.0,0.2857142857142856,0.0,1.0,1.0,0.5,1.0,0.0,0.6666666666666667,0.0,0.0,1.0,0.0,0.0,1.0,1.0,1.0,1.0,0.75,0.75,0.5,0.0,0.0,1.0,0.09333333333333334,14
0.0,0.0,1.0,0.0,0.0,0.0,0.0,0.0,1.0,0.0,0.0,0.0,1.0,0.0,0.0,1.0,0.0,0.0,0.0,0.5714285714285712,0.0,1.0,1.0,0.25,0.25,0.3333333333333333,0.0,0.3333333333333333,0.0,0.0,0.0,0.0,1.0,1.0,0.0,0.0,0.75,0.5,0.25,0.0,0.5,1.0,0.0,0
0.0,0.0,0.0,1.0,0.0,0.0,0.0,0.0,1.0,0.0,0.0,0.0,0.0,1.0,1.0,0.0,0.0,1.0,0.0,0.2857142857142856,1.0,0.0,1.0,0.5,0.75,0.0,0.3333333333333333,0.0,0.0,1.0,1.0,0.0,0.0,1.0,1.0,0.0,1.0,0.5,0.5,0.0,0.5,0.5,0.02666666666666667,12
0.0,0.0,0.0,1.0,0.0,0.0,0.0,1.0,0.0,0.0,0.0,1.0,0.0,0.0,0.0,1.0,0.0,1.0,0.0,0.4285714285714284,1.0,0.0,1.0,0.75,1.0,0.0,0.3333333333333333,0.0,0.0,0.0,0.0,1.0,1.0,1.0,1.0,1.0,0.75,0.5,0.5,0.0,0.5,1.0,0.14666666666666667,15
1.0,0.0,0.0,0.0,0.0,0.0,0.0,1.0,0.0,0.0,1.0,0.0,0.0,0.0,0.0,1.0,0.0,1.0,1.0,0.0,1.0,1.0,1.0,0.25,0.25,0.6666666666666667,0.0,0.0,0.0,1.0,0.0,1.0,0.0,1.0,1.0,1.0,0.75,0.5,0.5,0.0,0.25,0.75,0.0,0
0.0,0.0,0.0,1.0,0.0,0.0,0.0,0.0,1.0,0.0,1.0,0.0,0.0,0.0,0.0,1.0,0.0,1.0,1.0,0.2857142857142856,1.0,1.0,0.0,1.0,0.75,0.0,0.3333333333333333,0.0,0.0,1.0,1.0,0.0,1.0,1.0,1.0,1.0,1.0,0.25,0.25,0.0,0.25,1.0,0.3066666666666667,13
0.0,0.0,0.0,0.0,1.0,0.0,0.0,1.0,0.0,0.0,1.0,0.0,0.0,0.0,0.0,1.0,0.0,1.0,0.0,0.2857142857142856,1.0,0.0,1.0,1.0,0.75,0.3333333333333333,0.3333333333333333,0.0,0.0,0.0,1.0,1.0,1.0,1.0,1.0,0.0,0.75,0.75,0.75,0.75,0.75,0.75,0.05333333333333334,9
1.0,0.0,0.0,0.0,0.0,0.0,0.0,0.0,1.0,0.0,1.0,0.0,0.0,0.0,0.0,1.0,0.0,1.0,1.0,0.2857142857142856,0.0,1.0,1.0,0.5,0.25,0.6666666666666667,0.3333333333333333,0.0,0.0,0.0,0.0,1.0,1.0,1.0,0.0,0.0,0.25,0.0,0.0,0.0,0.0,0.5,0.02666666666666667,11
1.0,0.0,0.0,0.0,0.0,0.0,0.0,0.0,1.0,0.0,1.0,0.0,0.0,0.0,1.0,0.0,0.0,0.0,1.0,0.4285714285714284,1.0,1.0,1.0,0.5,0.75,0.3333333333333333,0.0,0.0,0.0,1.0,1.0,0.0,1.0,1.0,1.0,1.0,1.0,0.25,0.5,0.0,0.25,0.75,0.0,10
0.0,0.0,1.0,0.0,0.0,0.0,0.0,0.0,1.0,0.0,0.0,0.0,0.0,1.0,0.0,1.0,0.0,0.0,1.0,0.2857142857142856,0.0,1.0,1.0,0.25,0.25,0.6666666666666667,0.0,0.3333333333333333,0.0,1.0,1.0,0.0,1.0,1.0,1.0,1.0,1.0,0.25,0.0,0.0,0.25,0.0,0.0,0
0.0,0.0,1.0,0.0,0.0,0.0,0.0,1.0,0.0,0.0,0.0,0.0,0.0,1.0,0.0,0.0,1.0,1.0,1.0,0.5714285714285712,1.0,1.0,1.0,0.75,0.75,0.0,1.0,0.0,0.0,1.0,1.0,1.0,1.0,1.0,1.0,0.0,0.75,0.5,0.5,0.0,0.25,0.5,0.13333333333333333,8
0.0,0.0,0.0,0.0,1.0,0.0,0.0,1.0,0.0,0.0,0.0,1.0,0.0,0.0,0.0,1.0,0.0,1.0,0.0,0.0,1.0,1.0,1.0,1.0,0.75,0.0,0.3333333333333333,0.0,0.0,1.0,1.0,1.0,1.0,1.0,1.0,0.0,0.75,0.5,0.5,0.25,0.5,1.0,0.08,10
0.0,0.0,0.0,1.0,0.0,0.0,0.0,1.0,0.0,0.0,1.0,0.0,0.0,0.0,0.0,1.0,0.0,1.0,0.0,0.0,1.0,1.0,0.0,0.75,1.0,0.0,0.3333333333333333,0.0,0.0,1.0,1.0,1.0,1.0,1.0,1.0,0.0,1.0,0.75,0.75,0.0,0.0,0.0,0.0,18
0.0,0.0,1.0,0.0,0.0,0.0,0.0,1.0,0.0,0.0,0.0,0.0,0.0,1.0,0.0,1.0,0.0,0.0,1.0,0.4285714285714284,0.0,0.0,1.0,1.0,1.0,0.3333333333333333,0.6666666666666667,0.0,0.0,0.0,0.0,0.0,1.0,1.0,1.0,0.0,1.0,0.75,0.75,0.0,0.0,0.0,0.0,19
0.0,0.0,0.0,1.0,0.0,0.0,0.0,0.0,1.0,0.0,0.0,0.0,0.0,1.0,0.0,1.0,0.0,1.0,1.0,0.1428571428571428,1.0,1.0,1.0,1.0,1.0,0.0,0.6666666666666667,0.0,0.0,1.0,1.0,1.0,1.0,1.0,1.0,0.0,0.5,0.25,0.5,0.0,0.25,0.25,0.08,14
0.0,0.0,1.0,0.0,0.0,0.0,0.0,0.0,1.0,0.0,0.0,0.0,0.0,1.0,0.0,1.0,0.0,1.0,0.0,0.0,1.0,1.0,0.0,1.0,1.0,0.0,1.0,0.0,0.0,1.0,0.0,1.0,0.0,1.0,1.0,1.0,0.0,0.5,0.5,1.0,1.0,0.5,0.05333333333333334,12
0.0,0.0,0.0,1.0,0.0,0.0,0.0,1.0,0.0,0.0,0.0,1.0,0.0,0.0,0.0,1.0,0.0,1.0,0.0,0.2857142857142856,1.0,0.0,1.0,1.0,1.0,0.0,0.3333333333333333,0.0,0.0,1.0,1.0,0.0,1.0,1.0,1.0,1.0,1.0,0.5,1.0,0.75,1.0,0.5,0.17333333333333334,13
0.0,0.0,1.0,0.0,0.0,0.0,0.0,0.0,0.0,1.0,0.0,1.0,0.0,0.0,0.0,1.0,0.0,1.0,1.0,0.2857142857142856,1.0,1.0,0.0,1.0,1.0,0.3333333333333333,0.3333333333333333,0.0,1.0,1.0,0.0,0.0,1.0,1.0,0.0,0.0,0.75,0.0,0.75,0.0,0.0,0.0,0.08,6
0.0,1.0,0.0,0.0,0.0,0.0,0.0,1.0,0.0,0.0,0.0,1.0,0.0,0.0,1.0,0.0,0.0,1.0,0.0,0.1428571428571428,1.0,0.0,1.0,1.0,0.75,0.0,0.0,0.0,0.0,0.0,1.0,1.0,1.0,1.0,1.0,0.0,0.5,0.0,0.5,0.0,0.5,1.0,0.05333333333333334,10
0.0,0.0,1.0,0.0,0.0,0.0,0.0,0.0,0.0,1.0,0.0,1.0,0.0,0.0,1.0,0.0,0.0,1.0,0.0,0.2857142857142856,1.0,0.0,1.0,1.0,1.0,0.3333333333333333,0.0,0.0,0.0,0.0,1.0,0.0,1.0,1.0,1.0,0.0,0.75,0.0,0.0,0.25,0.25,1.0,0.0,10
0.0,0.0,1.0,0.0,0.0,0.0,0.0,0.0,1.0,0.0,0.0,1.0,0.0,0.0,0.0,0.0,1.0,0.0,0.0,0.5714285714285712,0.0,1.0,1.0,0.25,0.25,0.6666666666666667,0.3333333333333333,1.0,0.0,0.0,0.0,0.0,1.0,1.0,1.0,0.0,1.0,0.75,0.75,0.5,0.5,0.25,0.10666666666666667,8
1.0,0.0,0.0,0.0,0.0,0.0,0.0,1.0,0.0,0.0,1.0,0.0,0.0,0.0,0.0,1.0,0.0,0.0,0.0,0.4285714285714284,0.0,1.0,1.0,0.25,0.75,0.3333333333333333,0.3333333333333333,0.0,0.0,1.0,1.0,0.0,1.0,1.0,0.0,0.0,0.5,0.5,0.75,0.25,0.75,0.5,0.05333333333333334,10
0.0,0.0,1.0,0.0,0.0,0.0,0.0,1.0,0.0,0.0,1.0,0.0,0.0,0.0,1.0,0.0,0.0,1.0,0.0,0.2857142857142856,0.0,1.0,1.0,0.25,0.75,0.6666666666666667,0.3333333333333333,0.3333333333333333,0.0,1.0,0.0,1.0,1.0,1.0,1.0,0.0,1.0,0.25,0.75,0.0,0.75,1.0,0.26666666666666666,8
0.0,0.0,1.0,0.0,0.0,0.0,0.0,1.0,0.0,0.0,1.0,0.0,0.0,0.0,0.0,1.0,0.0,1.0,1.0,0.2857142857142856,1.0,1.0,1.0,0.5,0.5,0.0,0.3333333333333333,0.0,0.0,1.0,0.0,0.0,1.0,1.0,0.0,1.0,0.75,0.25,0.25,0.0,0.0,0.5,0.16,9
0.0,1.0,0.0,0.0,0.0,0.0,0.0,1.0,0.0,0.0,0.0,0.0,0.0,1.0,0.0,0.0,1.0,1.0,1.0,0.5714285714285712,1.0,1.0,1.0,1.0,1.0,0.3333333333333333,0.3333333333333333,0.0,0.0,1.0,1.0,1.0,1.0,1.0,1.0,0.0,0.25,0.5,0.75,0.25,0.5,0.25,0.0,0
0.0,0.0,1.0,0.0,0.0,0.0,0.0,1.0,0.0,0.0,0.0,0.0,1.0,0.0,0.0,1.0,0.0,0.0,0.0,0.4285714285714284,0.0,1.0,1.0,0.5,0.25,0.3333333333333333,0.0,0.0,0.0,0.0,0.0,1.0,0.0,1.0,1.0,1.0,0.75,0.75,0.5,0.0,0.5,1.0,0.06666666666666667,7
0.0,0.0,1.0,0.0,0.0,0.0,0.0,1.0,0.0,0.0,1.0,0.0,0.0,0.0,0.0,1.0,0.0,0.0,1.0,0.2857142857142856,0.0,1.0,1.0,0.25,0.5,0.0,0.0,0.0,0.0,0.0,0.0,1.0,1.0,1.0,1.0,0.0,0.5,1.0,1.0,0.0,0.5,0.0,0.18666666666666668,5
0.0,1.0,0.0,0.0,0.0,0.0,0.0,0.0,0.0,1.0,0.0,0.0,1.0,0.0,0.0,1.0,0.0,1.0,1.0,0.1428571428571428,0.0,1.0,1.0,1.0,1.0,0.0,0.3333333333333333,0.0,0.0,1.0,0.0,1.0,1.0,1.0,0.0,0.0,0.25,0.75,0.75,0.25,0.5,0.75,0.08,11
1.0,0.0,0.0,0.0,0.0,0.0,0.0,1.0,0.0,0.0,1.0,0.0,0.0,0.0,0.0,1.0,0.0,1.0,1.0,0.1428571428571428,1.0,1.0,1.0,0.75,1.0,0.0,0.3333333333333333,0.0,0.0,1.0,0.0,0.0,1.0,1.0,1.0,0.0,0.25,0.75,0.5,0.0,0.25,0.5,0.16,5
0.0,0.0,0.0,0.0,1.0,0.0,0.0,0.0,1.0,0.0,0.0,1.0,0.0,0.0,0.0,1.0,0.0,1.0,0.0,0.2857142857142856,1.0,0.0,0.0,0.75,0.5,0.0,0.0,0.3333333333333333,0.0,0.0,0.0,0.0,1.0,1.0,1.0,0.0,0.75,0.75,0.75,0.5,0.75,0.5,0.25333333333333335,10
0.0,0.0,1.0,0.0,0.0,0.0,0.0,1.0,0.0,0.0,1.0,0.0,0.0,0.0,0.0,1.0,0.0,1.0,0.0,0.1428571428571428,1.0,1.0,1.0,0.5,0.25,0.6666666666666667,0.0,0.0,0.0,0.0,0.0,0.0,1.0,1.0,1.0,0.0,0.75,0.5,0.5,0.0,0.0,0.75,0.08,18
0.0,0.0,0.0,1.0,0.0,0.0,0.0,1.0,0.0,0.0,1.0,0.0,0.0,0.0,0.0,1.0,0.0,1.0,0.0,0.4285714285714284,1.0,1.0,1.0,0.75,0.5,0.3333333333333333,0.0,0.3333333333333333,0.0,0.0,0.0,0.0,1.0,0.0,1.0,0.0,0.75,0.75,1.0,0.25,0.75,1.0,0.0,8
1.0,0.0,0.0,0.0,0.0,0.0,0.0,1.0,0.0,0.0,0.0,1.0,0.0,0.0,1.0,0.0,0.0,1.0,1.0,0.2857142857142856,1.0,1.0,1.0,0.5,0.75,0.3333333333333333,0.0,0.0,0.0,1.0,1.0,0.0,1.0,1.0,0.0,0.0,0.5,0.5,0.5,0.0,0.75,0.5,0.04,8
0.0,1.0,0.0,0.0,0.0,0.0,1.0,0.0,0.0,0.0,0.0,0.0,1.0,0.0,0.0,1.0,0.0,1.0,1.0,0.1428571428571428,1.0,0.0,1.0,1.0,1.0,0.0,0.6666666666666667,0.0,0.0,1.0,1.0,1.0,1.0,1.0,1.0,1.0,1.0,0.75,1.0,0.0,0.0,0.75,0.05333333333333334,16
0.0,0.0,1.0,0.0,0.0,0.0,0.0,1.0,0.0,0.0,0.0,0.0,0.0,1.0,0.0,1.0,0.0,1.0,1.0,0.1428571428571428,1.0,1.0,1.0,0.75,0.75,0.6666666666666667,0.3333333333333333,0.0,1.0,1.0,0.0,1.0,1.0,1.0,0.0,0.0,1.0,0.5,0.25,0.0,0.0,0.75,0.05333333333333334,10
0.0,0.0,0.0,1.0,0.0,0.0,0.0,0.0,1.0,0.0,1.0,0.0,0.0,0.0,0.0,1.0,0.0,1.0,0.0,0.1428571428571428,1.0,1.0,1.0,0.75,0.5,0.3333333333333333,0.0,0.3333333333333333,0.0,1.0,0.0,1.0,0.0,0.0,0.0,0.0,0.75,1.0,0.25,0.0,0.0,0.25,0.21333333333333335,12
0.0,0.0,0.0,1.0,0.0,0.0,1.0,0.0,0.0,0.0,1.0,0.0,0.0,0.0,0.0,1.0,0.0,1.0,1.0,0.0,0.0,1.0,1.0,0.5,1.0,0.0,0.6666666666666667,0.0,1.0,1.0,1.0,1.0,1.0,1.0,1.0,0.0,0.75,0.5,0.25,0.0,0.0,1.0,0.02666666666666667,8
0.0,0.0,1.0,0.0,0.0,0.0,0.0,1.0,0.0,0.0,0.0,1.0,0.0,0.0,0.0,1.0,0.0,1.0,1.0,0.0,1.0,0.0,0.0,0.75,1.0,0.0,0.3333333333333333,0.0,1.0,0.0,0.0,1.0,1.0,1.0,1.0,1.0,1.0,0.5,0.25,0.0,0.0,0.0,0.0,11
0.0,0.0,0.0,0.0,1.0,0.0,0.0,0.0,1.0,0.0,1.0,0.0,0.0,0.0,0.0,1.0,0.0,1.0,0.0,0.4285714285714284,0.0,1.0,1.0,1.0,0.75,0.0,0.6666666666666667,0.0,0.0,0.0,0.0,0.0,1.0,1.0,1.0,1.0,1.0,0.5,0.25,0.0,0.25,0.75,0.12000000000000001,16
0.0,0.0,0.0,1.0,0.0,0.0,0.0,1.0,0.0,0.0,0.0,0.0,0.0,1.0,0.0,1.0,0.0,1.0,1.0,0.1428571428571428,1.0,1.0,1.0,0.5,0.5,0.3333333333333333,0.3333333333333333,0.0,0.0,0.0,1.0,1.0,0.0,1.0,1.0,0.0,0.5,0.75,0.75,0.0,0.75,1.0,0.02666666666666667,11
0.0,0.0,0.0,1.0,0.0,0.0,0.0,1.0,0.0,0.0,1.0,0.0,0.0,0.0,0.0,1.0,0.0,1.0,1.0,0.2857142857142856,1.0,0.0,1.0,0.5,0.5,0.3333333333333333,0.3333333333333333,0.0,1.0,1.0,1.0,0.0,1.0,1.0,1.0,1.0,0.75,0.75,0.75,0.25,0.5,1.0,0.08,12
0.0,0.0,1.0,0.0,0.0,0.0,0.0,1.0,0.0,0.0,1.0,0.0,0.0,0.0,1.0,0.0,0.0,1.0,0.0,0.2857142857142856,1.0,1.0,1.0,0.5,0.75,0.3333333333333333,0.0,0.0,0.0,0.0,0.0,0.0,1.0,1.0,1.0,0.0,1.0,0.25,0.25,0.0,0.0,0.25,0.05333333333333334,13
0.0,0.0,1.0,0.0,0.0,0.0,0.0,0.0,1.0,0.0,0.0,0.0,0.0,1.0,1.0,0.0,0.0,1.0,0.0,0.4285714285714284,1.0,1.0,1.0,0.5,0.5,0.0,0.3333333333333333,0.3333333333333333,0.0,0.0,0.0,0.0,1.0,0.0,1.0,0.0,1.0,1.0,0.75,0.5,1.0,0.25,0.0,0
0.0,0.0,0.0,1.0,0.0,1.0,0.0,0.0,0.0,0.0,0.0,1.0,0.0,0.0,0.0,1.0,0.0,1.0,0.0,0.5714285714285712,1.0,1.0,1.0,0.75,0.5,0.0,0.0,1.0,0.0,1.0,0.0,0.0,1.0,0.0,1.0,1.0,0.75,1.0,0.75,0.0,0.0,0.75,0.0,0
0.0,0.0,0.0,0.0,1.0,0.0,0.0,1.0,0.0,0.0,1.0,0.0,0.0,0.0,0.0,1.0,0.0,1.0,0.0,0.4285714285714284,1.0,1.0,1.0,1.0,0.75,0.0,0.3333333333333333,0.0,0.0,1.0,1.0,0.0,0.0,1.0,1.0,0.0,0.75,0.5,0.25,0.0,0.0,0.5,0.02666666666666667,8
0.0,0.0,1.0,0.0,0.0,0.0,0.0,1.0,0.0,0.0,1.0,0.0,0.0,0.0,0.0,1.0,0.0,1.0,0.0,0.4285714285714284,0.0,1.0,1.0,0.75,0.5,0.0,0.6666666666666667,0.0,0.0,0.0,0.0,1.0,0.0,1.0,0.0,0.0,1.0,0.5,0.25,0.0,0.0,0.5,0.013333333333333334,12
0.0,0.0,0.0,0.0,1.0,0.0,0.0,1.0,0.0,0.0,0.0,0.0,0.0,1.0,0.0,1.0,0.0,1.0,0.0,0.2857142857142856,1.0,0.0,1.0,1.0,1.0,0.0,0.3333333333333333,0.0,0.0,1.0,1.0,1.0,1.0,1.0,1.0,0.0,0.75,0.75,0.75,0.0,0.5,1.0,0.0,10
0.0,0.0,1.0,0.0,0.0,0.0,0.0,1.0,0.0,0.0,0.0,0.0,0.0,1.0,1.0,0.0,0.0,1.0,0.0,0.0,1.0,1.0,1.0,0.75,1.0,0.0,0.0,0.0,0.0,0.0,0.0,0.0,1.0,1.0,1.0,0.0,0.5,0.75,0.5,0.0,0.25,0.75,0.08,13
0.0,0.0,1.0,0.0,0.0,0.0,0.0,1.0,0.0,0.0,1.0,0.0,0.0,0.0,0.0,1.0,0.0,0.0,1.0,0.4285714285714284,1.0,1.0,1.0,0.25,0.25,0.3333333333333333,0.3333333333333333,0.3333333333333333,0.0,0.0,0.0,1.0,1.0,1.0,0.0,0.0,0.0,0.0,0.0,0.0,0.0,1.0,0.0,0
0.0,0.0,0.0,1.0,0.0,0.0,0.0,0.0,0.0,1.0,0.0,1.0,0.0,0.0,0.0,1.0,0.0,1.0,1.0,0.2857142857142856,1.0,1.0,1.0,1.0,1.0,0.3333333333333333,0.0,0.3333333333333333,0.0,1.0,0.0,0.0,1.0,1.0,1.0,0.0,0.75,0.25,0.75,0.25,0.5,0.25,0.32,18
0.0,0.0,0.0,0.0,1.0,0.0,0.0,0.0,0.0,1.0,1.0,0.0,0.0,0.0,0.0,1.0,0.0,1.0,1.0,0.0,1.0,1.0,1.0,1.0,1.0,0.3333333333333333,0.0,0.0,0.0,0.0,0.0,1.0,1.0,1.0,1.0,0.0,0.75,0.5,0.25,0.0,0.0,1.0,0.0,15
0.0,0.0,0.0,0.0,1.0,0.0,0.0,0.0,0.0,1.0,1.0,0.0,0.0,0.0,0.0,1.0,0.0,1.0,0.0,0.1428571428571428,1.0,1.0,1.0,1.0,1.0,0.0,0.0,0.0,0.0,1.0,0.0,0.0,1.0,0.0,1.0,1.0,0.5,0.5,0.25,0.25,0.0,1.0,0.0,0
0.0,0.0,0.0,1.0,0.0,0.0,0.0,0.0,1.0,0.0,1.0,0.0,0.0,0.0,0.0,1.0,0.0,1.0,1.0,0.2857142857142856,0.0,0.0,1.0,0.5,0.5,0.0,0.6666666666666667,0.0,0.0,1.0,1.0,1.0,1.0,1.0,1.0,0.0,0.5,0.5,0.25,0.25,0.25,0.5,0.04,11
0.0,0.0,0.0,0.0,1.0,0.0,0.0,0.0,1.0,0.0,0.0,1.0,0.0,0.0,0.0,1.0,0.0,1.0,0.0,0.0,1.0,0.0,1.0,1.0,0.75,0.0,0.6666666666666667,0.0,0.0,1.0,0.0,1.0,1.0,1.0,1.0,0.0,1.0,0.75,0.5,0.0,0.0,0.75,0.02666666666666667,18
0.0,0.0,0.0,1.0,0.0,0.0,0.0,0.0,0.0,1.0,0.0,0.0,0.0,1.0,0.0,1.0,0.0,1.0,1.0,0.2857142857142856,1.0,1.0,1.0,0.25,0.25,0.0,0.6666666666666667,0.0,0.0,1.0,1.0,0.0,1.0,1.0,1.0,0.0,0.75,0.5,0.5,0.0,0.0,0.5,0.08,12
0.0,0.0,0.0,1.0,0.0,0.0,0.0,0.0,1.0,0.0,0.0,0.0,0.0,1.0,0.0,0.0,1.0,1.0,1.0,0.0,0.0,1.0,1.0,0.75,0.75,0.3333333333333333,0.6666666666666667,0.6666666666666666,0.0,1.0,1.0,1.0,1.0,1.0,1.0,1.0,0.75,0.25,0.0,0.25,0.5,0.5,0.10666666666666667,10
0.0,0.0,1.0,0.0,0.0,0.0,0.0,1.0,0.0,0.0,1.0,0.0,0.0,0.0,0.0,1.0,0.0,0.0,0.0,0.4285714285714284,0.0,1.0,1.0,0.75,0.5,0.3333333333333333,0.0,0.3333333333333333,0.0,1.0,0.0,0.0,0.0,1.0,1.0,0.0,0.25,1.0,1.0,1.0,1.0,1.0,0.13333333333333333,13
0.0,0.0,1.0,0.0,0.0,0.0,0.0,0.0,1.0,0.0,0.0,1.0,0.0,0.0,1.0,0.0,0.0,0.0,0.0,0.2857142857142856,1.0,1.0,1.0,0.5,0.75,0.3333333333333333,0.3333333333333333,0.0,0.0,0.0,0.0,1.0,1.0,1.0,1.0,0.0,0.75,0.75,0.5,0.0,0.0,0.5,0.02666666666666667,10
0.0,0.0,0.0,1.0,0.0,0.0,0.0,1.0,0.0,0.0,1.0,0.0,0.0,0.0,0.0,1.0,0.0,1.0,1.0,0.1428571428571428,1.0,1.0,1.0,1.0,0.5,0.0,0.3333333333333333,0.0,0.0,1.0,0.0,0.0,1.0,1.0,1.0,0.0,0.75,0.25,0.5,0.0,0.0,1.0,0.02666666666666667,16
0.0,0.0,0.0,1.0,0.0,0.0,0.0,1.0,0.0,0.0,0.0,0.0,0.0,1.0,1.0,0.0,0.0,1.0,1.0,0.1428571428571428,0.0,1.0,1.0,0.75,0.75,0.0,0.6666666666666667,0.3333333333333333,1.0,1.0,0.0,1.0,1.0,1.0,1.0,0.0,0.75,0.0,0.25,0.0,0.0,0.25,0.0,10
0.0,0.0,1.0,0.0,0.0,0.0,0.0,1.0,0.0,0.0,1.0,0.0,0.0,0.0,0.0,1.0,0.0,1.0,0.0,0.4285714285714284,1.0,1.0,1.0,1.0,1.0,0.0,0.6666666666666667,0.0,0.0,0.0,0.0,1.0,1.0,1.0,1.0,0.0,0.75,0.5,0.5,0.25,0.25,0.5,0.04,11
0.0,0.0,1.0,0.0,0.0,0.0,0.0,1.0,0.0,0.0,0.0,0.0,1.0,0.0,0.0,1.0,0.0,1.0,0.0,0.1428571428571428,1.0,1.0,1.0,0.0,0.5,0.0,0.0,0.0,0.0,0.0,1.0,0.0,0.0,1.0,1.0,0.0,0.75,0.5,0.25,0.25,0.75,1.0,0.0,15
0.0,0.0,1.0,0.0,0.0,0.0,0.0,1.0,0.0,0.0,0.0,1.0,0.0,0.0,0.0,1.0,0.0,1.0,0.0,0.1428571428571428,1.0,0.0,1.0,0.5,0.5,0.0,0.3333333333333333,0.0,0.0,0.0,0.0,0.0,1.0,1.0,1.0,0.0,0.75,0.75,0.75,0.0,0.0,0.5,0.0,11
0.0,0.0,1.0,0.0,0.0,0.0,0.0,1.0,0.0,0.0,1.0,0.0,0.0,0.0,0.0,1.0,0.0,1.0,1.0,0.2857142857142856,1.0,1.0,1.0,0.5,0.5,0.0,0.3333333333333333,0.0,0.0,1.0,0.0,0.0,0.0,1.0,1.0,0.0,1.0,0.75,1.0,0.0,0.25,1.0,0.05333333333333334,11
0.0,0.0,1.0,0.0,0.0,0.0,0.0,0.0,1.0,0.0,0.0,0.0,0.0,1.0,1.0,0.0,0.0,1.0,1.0,0.4285714285714284,1.0,1.0,1.0,0.5,0.75,0.0,1.0,0.0,0.0,1.0,1.0,1.0,1.0,1.0,1.0,1.0,0.75,1.0,1.0,0.0,0.5,0.25,0.05333333333333334,14
0.0,0.0,1.0,0.0,0.0,0.0,0.0,1.0,0.0,0.0,1.0,0.0,0.0,0.0,0.0,1.0,0.0,1.0,0.0,0.4285714285714284,1.0,0.0,1.0,0.25,0.25,0.0,0.0,1.0,0.0,0.0,0.0,0.0,1.0,0.0,1.0,1.0,0.25,0.5,1.0,0.25,1.0,0.75,0.0,0
0.0,0.0,0.0,0.0,1.0,0.0,1.0,0.0,0.0,0.0,0.0,0.0,0.0,1.0,0.0,1.0,0.0,1.0,1.0,0.0,1.0,1.0,1.0,1.0,1.0,0.0,0.3333333333333333,0.0,0.0,1.0,1.0,0.0,1.0,1.0,1.0,0.0,0.5,0.5,0.5,0.0,0.25,0.25,0.0,9
1.0,0.0,0.0,0.0,0.0,0.0,0.0,0.0,1.0,0.0,0.0,0.0,1.0,0.0,0.0,0.0,1.0,1.0,0.0,0.2857142857142856,1.0,1.0,1.0,0.25,0.5,0.3333333333333333,0.3333333333333333,0.0,0.0,0.0,1.0,1.0,0.0,1.0,1.0,0.0,0.75,0.75,0.75,0.75,1.0,1.0,0.16,8
0.0,0.0,0.0,1.0,0.0,0.0,0.0,1.0,0.0,0.0,0.0,1.0,0.0,0.0,0.0,1.0,0.0,1.0,1.0,0.0,1.0,1.0,1.0,0.75,0.5,0.3333333333333333,0.3333333333333333,0.0,1.0,1.0,1.0,0.0,1.0,1.0,1.0,0.0,0.75,0.5,1.0,0.0,0.0,0.25,0.3466666666666667,6
0.0,0.0,1.0,0.0,0.0,0.0,0.0,1.0,0.0,0.0,0.0,1.0,0.0,0.0,0.0,1.0,0.0,1.0,0.0,0.0,1.0,1.0,1.0,0.5,0.75,0.0,0.6666666666666667,0.0,1.0,0.0,1.0,0.0,0.0,1.0,1.0,0.0,1.0,0.5,0.25,0.0,0.25,1.0,0.05333333333333334,11
0.0,0.0,0.0,0.0,1.0,0.0,0.0,1.0,0.0,0.0,0.0,1.0,0.0,0.0,0.0,1.0,0.0,1.0,0.0,0.4285714285714284,1.0,1.0,1.0,1.0,0.5,0.0,0.3333333333333333,0.0,0.0,1.0,1.0,1.0,1.0,1.0,1.0,1.0,0.75,0.5,0.25,0.0,0.75,1.0,0.14666666666666667,11
0.0,0.0,0.0,0.0,1.0,0.0,0.0,0.0,1.0,0.0,0.0,0.0,1.0,0.0,0.0,1.0,0.0,0.0,0.0,0.4285714285714284,1.0,0.0,1.0,1.0,1.0,0.3333333333333333,0.6666666666666667,0.0,0.0,0.0,1.0,0.0,1.0,1.0,1.0,1.0,0.75,0.25,0.25,0.25,0.25,1.0,0.0,13
0.0,0.0,1.0,0.0,0.0,0.0,0.0,1.0,0.0,0.0,1.0,0.0,0.0,0.0,0.0,1.0,0.0,1.0,1.0,0.2857142857142856,1.0,1.0,1.0,0.25,0.25,0.0,0.3333333333333333,0.0,0.0,1.0,1.0,0.0,0.0,1.0,0.0,0.0,0.75,0.75,0.75,0.0,0.5,0.0,0.05333333333333334,10
0.0,0.0,1.0,0.0,0.0,0.0,0.0,0.0,1.0,0.0,0.0,0.0,1.0,0.0,0.0,1.0,0.0,1.0,1.0,0.4285714285714284,1.0,1.0,1.0,0.75,0.5,0.0,0.6666666666666667,0.0,0.0,0.0,0.0,0.0,1.0,1.0,1.0,1.0,1.0,0.75,0.5,0.25,0.5,0.0,0.09333333333333334,14
1.0,0.0,0.0,0.0,0.0,0.0,0.0,0.0,1.0,0.0,1.0,0.0,0.0,0.0,1.0,0.0,0.0,1.0,0.0,0.2857142857142856,1.0,1.0,1.0,0.25,0.75,0.0,0.0,0.0,0.0,0.0,0.0,0.0,1.0,0.0,1.0,0.0,1.0,0.5,0.5,0.0,0.75,0.25,0.02666666666666667,10
0.0,0.0,1.0,0.0,0.0,0.0,0.0,1.0,0.0,0.0,0.0,1.0,0.0,0.0,0.0,0.0,1.0,1.0,1.0,0.4285714285714284,1.0,0.0,1.0,1.0,0.75,0.3333333333333333,0.3333333333333333,0.0,0.0,1.0,1.0,0.0,1.0,1.0,1.0,1.0,0.75,0.75,1.0,0.0,0.25,0.25,0.13333333333333333,8
0.0,0.0,0.0,0.0,1.0,0.0,1.0,0.0,0.0,0.0,0.0,0.0,0.0,1.0,0.0,1.0,0.0,1.0,0.0,0.1428571428571428,1.0,0.0,0.0,1.0,1.0,0.0,0.3333333333333333,0.0,0.0,1.0,0.0,0.0,1.0,1.0,0.0,0.0,0.75,0.0,0.5,0.5,1.0,1.0,0.24000000000000002,7
0.0,0.0,1.0,0.0,0.0,0.0,0.0,1.0,0.0,0.0,0.0,0.0,0.0,1.0,0.0,1.0,0.0,1.0,1.0,0.2857142857142856,0.0,1.0,1.0,0.5,0.5,0.0,0.0,0.0,0.0,1.0,0.0,0.0,1.0,1.0,1.0,0.0,1.0,0.5,0.25,0.0,0.25,0.5,0.24000000000000002,6
1.0,0.0,0.0,0.0,0.0,0.0,0.0,1.0,0.0,0.0,1.0,0.0,0.0,0.0,0.0,1.0,0.0,1.0,1.0,0.0,1.0,1.0,1.0,0.25,0.5,0.0,0.3333333333333333,0.0,0.0,1.0,1.0,0.0,0.0,1.0,1.0,0.0,0.75,0.5,0.25,0.0,0.0,1.0,0.02666666666666667,11
0.0,0.0,0.0,1.0,0.0,0.0,0.0,0.0,0.0,1.0,0.0,0.0,1.0,0.0,0.0,1.0,0.0,1.0,1.0,0.1428571428571428,1.0,1.0,1.0,0.5,0.75,0.0,0.3333333333333333,0.0,1.0,0.0,0.0,0.0,1.0,1.0,1.0,0.0,0.25,0.5,0.0,0.0,0.0,0.5,0.02666666666666667,17
0.0,0.0,1.0,0.0,0.0,0.0,0.0,1.0,0.0,0.0,0.0,1.0,0.0,0.0,1.0,0.0,0.0,1.0,1.0,0.1428571428571428,1.0,0.0,1.0,0.75,0.25,0.0,0.3333333333333333,0.0,1.0,1.0,0.0,0.0,1.0,1.0,0.0,0.0,0.5,0.5,0.5,0.25,0.5,0.25,0.05333333333333334,6
0.0,0.0,1.0,0.0,0.0,0.0,0.0,1.0,0.0,0.0,0.0,0.0,0.0,1.0,1.0,0.0,0.0,1.0,1.0,0.0,0.0,0.0,1.0,0.75,0.25,0.3333333333333333,1.0,0.0,0.0,1.0,0.0,0.0,0.0,1.0,1.0,0.0,0.75,0.75,0.25,0.25,0.5,0.5,0.16,16
0.0,1.0,0.0,0.0,0.0,0.0,0.0,1.0,0.0,0.0,1.0,0.0,0.0,0.0,0.0,1.0,0.0,1.0,0.0,0.1428571428571428,1.0,1.0,1.0,1.0,1.0,0.0,0.0,0.0,0.0,1.0,0.0,1.0,1.0,1.0,1.0,0.0,0.5,0.75,0.75,0.0,0.75,1.0,0.24000000000000002,13
0.0,0.0,0.0,1.0,0.0,0.0,0.0,1.0,0.0,0.0,0.0,0.0,0.0,1.0,0.0,1.0,0.0,1.0,0.0,0.1428571428571428,0.0,1.0,1.0,1.0,0.75,0.3333333333333333,0.0,0.0,1.0,1.0,0.0,1.0,0.0,1.0,1.0,0.0,0.5,0.5,0.5,0.0,0.0,0.75,0.02666666666666667,15
1.0,0.0,0.0,0.0,0.0,1.0,0.0,0.0,0.0,0.0,1.0,0.0,0.0,0.0,0.0,1.0,0.0,1.0,1.0,0.1428571428571428,1.0,0.0,1.0,0.25,0.25,0.0,0.0,0.0,0.0,0.0,0.0,0.0,1.0,1.0,1.0,0.0,0.5,0.75,0.75,0.5,0.5,0.0,0.02666666666666667,13
0.0,0.0,0.0,0.0,1.0,0.0,0.0,0.0,0.0,1.0,0.0,1.0,0.0,0.0,0.0,1.0,0.0,1.0,0.0,0.4285714285714284,1.0,0.0,1.0,1.0,1.0,0.0,0.0,0.0,0.0,1.0,1.0,0.0,1.0,1.0,1.0,1.0,0.0,0.75,0.25,0.25,0.25,0.0,0.06666666666666667,16
0.0,0.0,1.0,0.0,0.0,0.0,0.0,1.0,0.0,0.0,1.0,0.0,0.0,0.0,0.0,1.0,0.0,1.0,1.0,0.1428571428571428,1.0,1.0,1.0,0.5,0.25,0.0,0.3333333333333333,0.0,0.0,1.0,1.0,0.0,1.0,1.0,0.0,1.0,0.75,0.5,1.0,0.0,0.0,1.0,0.02666666666666667,10
0.0,0.0,0.0,0.0,1.0,0.0,0.0,0.0,0.0,1.0,0.0,0.0,0.0,1.0,0.0,1.0,0.0,1.0,0.0,0.2857142857142856,1.0,1.0,1.0,1.0,1.0,0.0,0.3333333333333333,0.0,1.0,1.0,0.0,1.0,1.0,1.0,1.0,1.0,0.75,1.0,1.0,0.0,0.5,0.25,0.18666666666666668,9
0.0,1.0,0.0,0.0,0.0,0.0,0.0,0.0,1.0,0.0,0.0,0.0,0.0,1.0,0.0,1.0,0.0,1.0,1.0,0.0,0.0,0.0,1.0,0.5,0.5,0.3333333333333333,0.3333333333333333,0.0,1.0,1.0,1.0,0.0,1.0,1.0,1.0,0.0,0.75,0.0,0.5,0.0,0.5,0.75,0.02666666666666667,8
0.0,0.0,1.0,0.0,0.0,0.0,0.0,1.0,0.0,0.0,0.0,0.0,0.0,1.0,0.0,1.0,0.0,1.0,0.0,0.1428571428571428,1.0,0.0,1.0,0.5,0.5,0.3333333333333333,0.3333333333333333,0.0,0.0,1.0,0.0,1.0,1.0,1.0,1.0,0.0,1.0,0.75,0.75,0.25,0.75,1.0,0.0,12
0.0,0.0,1.0,0.0,0.0,0.0,0.0,0.0,0.0,1.0,0.0,0.0,0.0,1.0,0.0,1.0,0.0,1.0,0.0,0.1428571428571428,0.0,1.0,0.0,1.0,1.0,0.3333333333333333,0.6666666666666667,0.0,0.0,1.0,0.0,1.0,1.0,1.0,1.0,1.0,0.25,0.75,0.5,0.0,0.0,1.0,0.09333333333333334,15
0.0,0.0,1.0,0.0,0.0,0.0,0.0,1.0,0.0,0.0,0.0,1.0,0.0,0.0,0.0,1.0,0.0,1.0,0.0,0.2857142857142856,1.0,1.0,1.0,0.5,0.25,0.0,0.0,1.0,0.0,1.0,0.0,0.0,1.0,1.0,1.0,0.0,1.0,0.75,1.0,0.0,0.25,1.0,0.0,0
0.0,0.0,1.0,0.0,0.0,0.0,1.0,0.0,0.0,0.0,1.0,0.0,0.0,0.0,1.0,0.0,0.0,1.0,1.0,0.1428571428571428,1.0,0.0,1.0,0.5,1.0,0.3333333333333333,0.3333333333333333,0.0,0.0,1.0,1.0,1.0,1.0,1.0,1.0,1.0,0.75,0.25,0.25,0.0,0.25,1.0,0.02666666666666667,13
0.0,0.0,0.0,1.0,0.0,0.0,0.0,1.0,0.0,0.0,1.0,0.0,0.0,0.0,0.0,1.0,0.0,1.0,1.0,0.1428571428571428,1.0,1.0,1.0,0.75,0.25,0.0,1.0,0.0,1.0,1.0,1.0,0.0,1.0,1.0,1.0,0.0,0.75,0.5,0.5,0.0,0.25,1.0,0.05333333333333334,6
0.0,0.0,0.0,0.0,1.0,0.0,0.0,1.0,0.0,0.0,0.0,1.0,0.0,0.0,0.0,1.0,0.0,1.0,0.0,0.1428571428571428,1.0,1.0,1.0,1.0,0.75,0.0,0.3333333333333333,0.0,0.0,1.0,1.0,1.0,1.0,1.0,1.0,0.0,0.5,0.75,0.5,0.25,0.5,0.5,0.13333333333333333,8
1.0,0.0,0.0,0.0,0.0,0.0,0.0,1.0,0.0,0.0,0.0,1.0,0.0,0.0,0.0,1.0,0.0,1.0,1.0,0.1428571428571428,1.0,1.0,1.0,0.25,0.25,0.3333333333333333,0.0,0.0,0.0,1.0,1.0,0.0,1.0,1.0,0.0,0.0,0.75,0.5,0.25,0.0,0.75,1.0,0.08,10
1.0,0.0,0.0,0.0,0.0,0.0,0.0,1.0,0.0,0.0,0.0,0.0,0.0,1.0,0.0,1.0,0.0,1.0,1.0,0.4285714285714284,0.0,0.0,1.0,0.25,0.25,0.3333333333333333,1.0,0.0,0.0,1.0,1.0,1.0,1.0,1.0,0.0,0.0,1.0,0.25,0.25,0.0,0.0,0.5,0.013333333333333334,12
0.0,0.0,1.0,0.0,0.0,0.0,0.0,0.0,0.0,1.0,0.0,0.0,1.0,0.0,1.0,0.0,0.0,0.0,1.0,0.4285714285714284,0.0,1.0,1.0,1.0,1.0,0.6666666666666667,0.3333333333333333,0.0,0.0,1.0,1.0,0.0,0.0,1.0,1.0,1.0,0.5,0.25,0.25,0.75,0.25,1.0,0.13333333333333333,11
0.0,0.0,0.0,1.0,0.0,0.0,0.0,1.0,0.0,0.0,0.0,1.0,0.0,0.0,0.0,1.0,0.0,1.0,0.0,0.2857142857142856,1.0,0.0,0.0,1.0,0.25,0.3333333333333333,0.0,0.0,0.0,0.0,1.0,1.0,1.0,1.0,1.0,1.0,0.75,1.0,0.75,0.25,0.75,1.0,0.4,8
0.0,0.0,0.0,1.0,0.0,0.0,0.0,0.0,1.0,0.0,0.0,1.0,0.0,0.0,1.0,0.0,0.0,1.0,0.0,0.0,1.0,1.0,1.0,0.75,1.0,0.0,0.0,0.0,1.0,0.0,0.0,0.0,1.0,1.0,1.0,0.0,1.0,1.0,1.0,0.5,0.25,1.0,0.0,12
0.0,1.0,0.0,0.0,0.0,0.0,0.0,0.0,1.0,0.0,0.0,1.0,0.0,0.0,1.0,0.0,0.0,1.0,1.0,0.0,1.0,1.0,1.0,0.75,0.5,0.0,0.3333333333333333,1.0,0.0,1.0,0.0,0.0,1.0,1.0,1.0,0.0,0.5,0.5,0.25,0.0,0.0,0.5,0.0,0
0.0,0.0,1.0,0.0,0.0,0.0,0.0,1.0,0.0,0.0,1.0,0.0,0.0,0.0,0.0,1.0,0.0,1.0,1.0,0.2857142857142856,1.0,1.0,0.0,0.5,0.25,0.3333333333333333,0.6666666666666667,0.0,0.0,0.0,0.0,1.0,1.0,1.0,1.0,1.0,0.5,0.25,0.5,0.0,0.25,0.5,0.13333333333333333,12
1.0,0.0,0.0,0.0,0.0,0.0,0.0,1.0,0.0,0.0,1.0,0.0,0.0,0.0,0.0,1.0,0.0,1.0,1.0,0.1428571428571428,1.0,0.0,1.0,0.5,0.5,0.0,0.3333333333333333,0.0,0.0,1.0,0.0,0.0,1.0,1.0,0.0,0.0,0.75,0.5,0.75,0.0,0.25,0.25,0.05333333333333334,6
0.0,0.0,0.0,1.0,0.0,0.0,0.0,0.0,1.0,0.0,0.0,1.0,0.0,0.0,0.0,1.0,0.0,1.0,1.0,0.4285714285714284,1.0,1.0,1.0,0.75,0.75,0.0,0.3333333333333333,0.0,0.0,0.0,0.0,1.0,1.0,1.0,1.0,0.0,1.0,0.5,0.75,0.0,0.0,0.75,0.0,0
1.0,0.0,0.0,0.0,0.0,1.0,0.0,0.0,0.0,0.0,1.0,0.0,0.0,0.0,0.0,1.0,0.0,1.0,1.0,0.2857142857142856,1.0,1.0,1.0,0.5,0.5,0.0,0.6666666666666667,0.0,0.0,1.0,1.0,1.0,1.0,1.0,1.0,0.0,0.75,0.5,0.5,0.0,0.0,0.75,0.05333333333333334,10
0.0,0.0,1.0,0.0,0.0,0.0,0.0,1.0,0.0,0.0,0.0,1.0,0.0,0.0,0.0,0.0,1.0,1.0,1.0,0.4285714285714284,1.0,0.0,1.0,0.5,0.5,0.0,0.3333333333333333,0.0,0.0,0.0,0.0,1.0,0.0,1.0,1.0,1.0,0.75,0.5,0.5,0.0,0.0,0.25,0.0,0
0.0,0.0,0.0,1.0,0.0,0.0,0.0,0.0,1.0,0.0,1.0,0.0,0.0,0.0,1.0,0.0,0.0,1.0,1.0,0.2857142857142856,1.0,0.0,1.0,0.5,1.0,0.0,0.3333333333333333,0.0,0.0,0.0,0.0,1.0,1.0,1.0,1.0,1.0,0.75,0.5,0.25,0.0,0.0,1.0,0.0,15
1.0,0.0,0.0,0.0,0.0,0.0,1.0,0.0,0.0,0.0,0.0,0.0,0.0,1.0,0.0,1.0,0.0,1.0,1.0,0.2857142857142856,1.0,1.0,1.0,0.5,1.0,0.3333333333333333,0.3333333333333333,0.0,0.0,1.0,1.0,0.0,1.0,1.0,1.0,1.0,0.75,0.5,0.5,0.0,0.0,0.0,0.02666666666666667,10
0.0,0.0,1.0,0.0,0.0,0.0,0.0,1.0,0.0,0.0,0.0,0.0,0.0,1.0,1.0,0.0,0.0,1.0,1.0,0.4285714285714284,1.0,1.0,1.0,1.0,0.75,0.0,1.0,0.0,0.0,1.0,1.0,0.0,1.0,1.0,1.0,0.0,0.75,0.5,0.5,0.0,0.0,0.5,0.0,14
0.0,0.0,1.0,0.0,0.0,0.0,0.0,1.0,0.0,0.0,0.0,0.0,0.0,1.0,0.0,1.0,0.0,1.0,1.0,0.2857142857142856,1.0,0.0,1.0,0.75,0.75,0.0,0.3333333333333333,0.0,0.0,1.0,0.0,1.0,1.0,1.0,1.0,1.0,1.0,0.5,0.5,0.25,0.5,0.0,0.7466666666666667,8
1.0,0.0,0.0,0.0,0.0,0.0,0.0,0.0,1.0,0.0,0.0,0.0,0.0,1.0,0.0,1.0,0.0,1.0,1.0,0.2857142857142856,0.0,1.0,1.0,0.5,0.25,0.3333333333333333,0.3333333333333333,0.0,0.0,1.0,0.0,1.0,1.0,1.0,1.0,0.0,0.75,0.25,1.0,0.0,0.25,1.0,0.02666666666666667,6
0.0,0.0,1.0,0.0,0.0,0.0,0.0,0.0,1.0,0.0,1.0,0.0,0.0,0.0,0.0,0.0,1.0,1.0,0.0,0.5714285714285712,1.0,1.0,1.0,0.25,0.5,0.0,0.3333333333333333,0.3333333333333333,0.0,0.0,0.0,0.0,0.0,1.0,1.0,0.0,0.75,1.0,0.25,0.25,0.25,0.75,0.04,11
0.0,0.0,0.0,1.0,0.0,1.0,0.0,0.0,0.0,0.0,0.0,1.0,0.0,0.0,0.0,0.0,1.0,1.0,1.0,0.5714285714285712,0.0,1.0,0.0,0.75,0.25,0.0,0.6666666666666667,0.3333333333333333,0.0,0.0,1.0,0.0,1.0,1.0,0.0,0.0,1.0,0.75,0.5,0.0,0.25,1.0,0.16,13
0.0,1.0,0.0,0.0,0.0,0.0,1.0,0.0,0.0,0.0,0.0,0.0,0.0,1.0,1.0,0.0,0.0,1.0,1.0,0.4285714285714284,1.0,1.0,1.0,1.0,1.0,0.0,0.3333333333333333,0.3333333333333333,1.0,1.0,0.0,1.0,1.0,1.0,1.0,1.0,0.25,0.75,0.75,0.0,0.0,0.75,0.2,8
0.0,0.0,0.0,0.0,1.0,0.0,0.0,0.0,0.0,1.0,1.0,0.0,0.0,0.0,0.0,1.0,0.0,1.0,0.0,0.1428571428571428,0.0,1.0,1.0,1.0,1.0,0.0,0.0,0.0,0.0,0.0,1.0,1.0,1.0,1.0,1.0,0.0,0.5,1.0,1.0,0.25,1.0,0.75,0.10666666666666667,18
0.0,0.0,0.0,1.0,0.0,0.0,1.0,0.0,0.0,0.0,1.0,0.0,0.0,0.0,0.0,1.0,0.0,1.0,1.0,0.0,0.0,1.0,1.0,0.75,1.0,0.0,0.6666666666666667,0.0,1.0,1.0,1.0,1.0,1.0,1.0,1.0,0.0,0.75,0.5,0.25,0.0,0.0,1.0,0.02666666666666667,11
0.0,0.0,0.0,1.0,0.0,0.0,0.0,1.0,0.0,0.0,0.0,0.0,0.0,1.0,1.0,0.0,0.0,1.0,1.0,0.0,1.0,1.0,1.0,0.5,0.25,0.6666666666666667,0.6666666666666667,0.0,0.0,1.0,0.0,1.0,1.0,1.0,1.0,0.0,1.0,0.25,0.25,0.0,0.0,0.75,0.05333333333333334,12
0.0,0.0,0.0,1.0,0.0,0.0,0.0,1.0,0.0,0.0,0.0,0.0,1.0,0.0,0.0,1.0,0.0,1.0,0.0,0.2857142857142856,1.0,1.0,1.0,0.75,0.25,0.0,0.3333333333333333,0.0,0.0,0.0,1.0,1.0,1.0,1.0,1.0,1.0,1.0,0.75,0.75,0.5,0.75,1.0,0.02666666666666667,10
0.0,0.0,0.0,1.0,0.0,0.0,0.0,0.0,1.0,0.0,0.0,0.0,1.0,0.0,0.0,1.0,0.0,1.0,0.0,0.2857142857142856,1.0,1.0,1.0,0.75,0.75,0.0,0.3333333333333333,0.0,0.0,1.0,0.0,1.0,1.0,1.0,1.0,1.0,0.75,0.5,0.75,0.25,0.5,0.75,0.16,11
0.0,1.0,0.0,0.0,0.0,0.0,0.0,1.0,0.0,0.0,0.0,0.0,0.0,1.0,1.0,0.0,0.0,1.0,0.0,0.1428571428571428,1.0,1.0,1.0,1.0,1.0,0.0,0.3333333333333333,0.0,0.0,1.0,1.0,1.0,1.0,1.0,1.0,0.0,0.75,0.25,0.75,0.25,0.75,0.0,0.02666666666666667,13
1.0,0.0,0.0,0.0,0.0,0.0,0.0,1.0,0.0,0.0,0.0,1.0,0.0,0.0,0.0,1.0,0.0,1.0,1.0,0.1428571428571428,1.0,1.0,1.0,0.5,0.5,0.0,0.3333333333333333,0.3333333333333333,1.0,0.0,0.0,1.0,1.0,1.0,1.0,0.0,0.5,0.0,0.25,0.0,0.0,1.0,0.08,13
0.0,0.0,1.0,0.0,0.0,0.0,0.0,1.0,0.0,0.0,1.0,0.0,0.0,0.0,0.0,1.0,0.0,1.0,0.0,0.2857142857142856,1.0,1.0,1.0,1.0,0.75,0.0,0.3333333333333333,0.0,0.0,1.0,0.0,1.0,1.0,1.0,1.0,1.0,1.0,0.25,0.5,0.0,0.0,0.25,0.05333333333333334,11
0.0,0.0,1.0,0.0,0.0,0.0,0.0,1.0,0.0,0.0,0.0,0.0,0.0,1.0,0.0,1.0,0.0,1.0,0.0,0.4285714285714284,0.0,0.0,0.0,0.75,1.0,0.3333333333333333,0.3333333333333333,0.0,0.0,1.0,1.0,1.0,1.0,1.0,1.0,0.0,0.75,0.25,1.0,0.5,0.75,0.0,0.17333333333333334,17
0.0,0.0,0.0,0.0,1.0,0.0,0.0,0.0,1.0,0.0,0.0,1.0,0.0,0.0,0.0,1.0,0.0,1.0,0.0,0.4285714285714284,1.0,1.0,1.0,1.0,1.0,0.3333333333333333,0.0,0.0,0.0,0.0,1.0,1.0,1.0,1.0,1.0,0.0,0.5,0.25,0.75,0.0,0.75,0.5,0.29333333333333333,9
0.0,0.0,1.0,0.0,0.0,0.0,0.0,0.0,1.0,0.0,0.0,1.0,0.0,0.0,1.0,0.0,0.0,1.0,0.0,0.1428571428571428,1.0,1.0,1.0,0.75,0.75,0.3333333333333333,0.0,0.0,0.0,0.0,0.0,1.0,1.0,1.0,1.0,0.0,1.0,0.75,0.25,0.0,0.0,1.0,0.0,13
1.0,0.0,0.0,0.0,0.0,1.0,0.0,0.0,0.0,0.0,1.0,0.0,0.0,0.0,0.0,1.0,0.0,0.0,1.0,0.2857142857142856,1.0,0.0,1.0,1.0,1.0,0.0,0.3333333333333333,0.0,0.0,1.0,1.0,1.0,1.0,1.0,1.0,1.0,0.25,0.5,0.75,0.0,0.0,0.0,0.0,15
0.0,0.0,0.0,0.0,1.0,0.0,0.0,1.0,0.0,0.0,1.0,0.0,0.0,0.0,0.0,1.0,0.0,1.0,0.0,0.4285714285714284,1.0,1.0,1.0,1.0,0.75,0.0,0.6666666666666667,0.0,0.0,1.0,1.0,0.0,1.0,1.0,1.0,1.0,1.0,0.75,1.0,0.25,0.5,1.0,0.0,9
1.0,0.0,0.0,0.0,0.0,0.0,0.0,1.0,0.0,0.0,0.0,0.0,0.0,1.0,0.0,1.0,0.0,0.0,1.0,0.2857142857142856,0.0,1.0,1.0,0.75,0.25,0.0,0.3333333333333333,0.0,0.0,1.0,1.0,1.0,0.0,1.0,1.0,0.0,0.75,1.0,0.75,0.25,0.5,0.0,0.22666666666666668,10
0.0,0.0,1.0,0.0,0.0,0.0,0.0,1.0,0.0,0.0,0.0,1.0,0.0,0.0,0.0,1.0,0.0,1.0,1.0,0.4285714285714284,1.0,1.0,1.0,0.25,0.25,0.3333333333333333,0.3333333333333333,0.0,1.0,0.0,0.0,1.0,1.0,1.0,1.0,0.0,1.0,0.75,0.75,0.0,0.0,0.75,0.05333333333333334,10
0.0,0.0,0.0,1.0,0.0,0.0,0.0,1.0,0.0,0.0,0.0,0.0,0.0,1.0,0.0,1.0,0.0,0.0,1.0,0.2857142857142856,1.0,0.0,0.0,0.75,0.5,0.3333333333333333,0.3333333333333333,0.0,0.0,0.0,0.0,0.0,1.0,1.0,0.0,1.0,0.0,0.25,0.5,0.0,0.25,1.0,0.02666666666666667,11
0.0,0.0,1.0,0.0,0.0,0.0,0.0,0.0,1.0,0.0,1.0,0.0,0.0,0.0,0.0,1.0,0.0,1.0,0.0,0.2857142857142856,0.0,0.0,1.0,0.25,0.25,1.0,0.3333333333333333,1.0,0.0,0.0,0.0,1.0,1.0,0.0,0.0,1.0,1.0,0.5,1.0,0.0,1.0,1.0,0.0,7
0.0,0.0,0.0,1.0,0.0,0.0,0.0,0.0,1.0,0.0,0.0,0.0,1.0,0.0,0.0,1.0,0.0,1.0,0.0,1.0,1.0,1.0,1.0,0.75,0.25,0.0,0.0,1.0,0.0,0.0,0.0,0.0,0.0,0.0,1.0,1.0,1.0,0.75,1.0,1.0,1.0,0.0,0.21333333333333335,8
1.0,0.0,0.0,0.0,0.0,0.0,0.0,1.0,0.0,0.0,1.0,0.0,0.0,0.0,0.0,1.0,0.0,1.0,0.0,0.2857142857142856,0.0,1.0,1.0,0.75,1.0,0.6666666666666667,0.3333333333333333,0.0,0.0,0.0,0.0,0.0,1.0,1.0,0.0,0.0,1.0,0.75,1.0,0.25,0.75,1.0,0.0,0
0.0,0.0,1.0,0.0,0.0,0.0,0.0,0.0,0.0,1.0,1.0,0.0,0.0,0.0,0.0,1.0,0.0,1.0,1.0,0.2857142857142856,1.0,1.0,1.0,1.0,1.0,0.0,0.0,0.0,1.0,1.0,0.0,0.0,1.0,1.0,0.0,1.0,0.75,0.25,0.0,0.0,0.0,0.75,0.0,12
0.0,0.0,0.0,0.0,1.0,0.0,0.0,0.0,0.0,1.0,0.0,0.0,0.0,1.0,0.0,1.0,0.0,1.0,1.0,0.1428571428571428,1.0,0.0,1.0,1.0,1.0,0.0,0.3333333333333333,0.0,0.0,1.0,1.0,0.0,1.0,1.0,1.0,0.0,0.75,1.0,0.25,0.0,0.25,0.5,0.0,10
0.0,0.0,0.0,0.0,1.0,0.0,0.0,1.0,0.0,0.0,0.0,1.0,0.0,0.0,1.0,0.0,0.0,1.0,0.0,0.1428571428571428,0.0,0.0,1.0,0.75,0.75,0.6666666666666667,0.0,0.0,0.0,1.0,1.0,1.0,1.0,1.0,1.0,0.0,0.5,0.5,0.75,0.5,1.0,0.5,0.10666666666666667,10
0.0,0.0,0.0,1.0,0.0,0.0,0.0,1.0,0.0,0.0,1.0,0.0,0.0,0.0,0.0,1.0,0.0,0.0,1.0,0.5714285714285712,0.0,1.0,1.0,0.5,0.75,0.0,0.6666666666666667,0.3333333333333333,0.0,0.0,0.0,1.0,0.0,1.0,1.0,0.0,1.0,0.75,0.25,0.0,0.25,1.0,0.0,0
1.0,0.0,0.0,0.0,0.0,0.0,0.0,1.0,0.0,0.0,0.0,0.0,1.0,0.0,0.0,1.0,0.0,1.0,1.0,0.0,1.0,0.0,1.0,0.25,0.25,0.0,0.3333333333333333,1.0,1.0,0.0,1.0,0.0,1.0,1.0,1.0,0.0,0.75,0.5,0.25,0.25,0.5,0.5,0.13333333333333333,10
0.0,0.0,0.0,1.0,0.0,0.0,0.0,0.0,1.0,0.0,0.0,0.0,0.0,1.0,0.0,1.0,0.0,1.0,1.0,0.1428571428571428,0.0,1.0,1.0,0.5,0.5,0.3333333333333333,1.0,0.0,0.0,1.0,1.0,1.0,0.0,1.0,1.0,0.0,1.0,0.5,1.0,0.0,0.0,1.0,0.08,11
0.0,0.0,0.0,0.0,1.0,0.0,0.0,0.0,0.0,1.0,1.0,0.0,0.0,0.0,1.0,0.0,0.0,1.0,0.0,0.1428571428571428,1.0,1.0,1.0,1.0,1.0,0.0,0.3333333333333333,0.0,0.0,1.0,0.0,1.0,1.0,1.0,1.0,0.0,1.0,0.75,0.75,0.0,0.25,1.0,0.02666666666666667,16
1.0,0.0,0.0,0.0,0.0,0.0,0.0,1.0,0.0,0.0,1.0,0.0,0.0,0.0,0.0,1.0,0.0,1.0,0.0,0.4285714285714284,1.0,0.0,1.0,0.5,0.25,1.0,0.3333333333333333,0.0,1.0,1.0,1.0,1.0,1.0,1.0,1.0,1.0,0.75,0.5,0.25,0.75,1.0,0.5,0.18666666666666668,9
0.0,0.0,1.0,0.0,0.0,0.0,0.0,1.0,0.0,0.0,1.0,0.0,0.0,0.0,1.0,0.0,0.0,1.0,0.0,0.2857142857142856,0.0,1.0,1.0,0.5,0.5,0.3333333333333333,0.3333333333333333,0.0,0.0,1.0,1.0,1.0,1.0,1.0,1.0,0.0,0.75,1.0,0.25,0.0,0.0,0.0,0.05333333333333334,11
0.0,0.0,1.0,0.0,0.0,0.0,0.0,1.0,0.0,0.0,0.0,1.0,0.0,0.0,0.0,1.0,0.0,1.0,0.0,0.0,1.0,1.0,1.0,0.5,0.5,0.0,0.0,0.0,0.0,1.0,1.0,0.0,1.0,1.0,1.0,0.0,0.75,0.25,0.25,0.0,0.25,1.0,0.02666666666666667,11
1.0,0.0,0.0,0.0,0.0,0.0,0.0,0.0,1.0,0.0,1.0,0.0,0.0,0.0,0.0,1.0,0.0,1.0,1.0,0.0,1.0,1.0,1.0,0.25,0.5,0.0,0.3333333333333333,0.0,0.0,0.0,0.0,0.0,0.0,1.0,1.0,0.0,0.5,0.25,0.5,0.0,0.25,0.0,0.02666666666666667,15
0.0,0.0,1.0,0.0,0.0,0.0,0.0,1.0,0.0,0.0,0.0,0.0,0.0,1.0,0.0,1.0,0.0,1.0,1.0,0.2857142857142856,1.0,1.0,1.0,1.0,0.5,0.3333333333333333,0.6666666666666667,0.0,0.0,1.0,1.0,0.0,1.0,1.0,1.0,0.0,0.75,0.5,0.5,0.0,0.0,0.5,0.0,14
0.0,0.0,0.0,0.0,1.0,0.0,0.0,0.0,1.0,0.0,0.0,1.0,0.0,0.0,0.0,1.0,0.0,1.0,1.0,0.1428571428571428,1.0,1.0,1.0,1.0,1.0,0.0,0.6666666666666667,0.0,0.0,1.0,0.0,1.0,0.0,1.0,1.0,0.0,1.0,0.5,0.25,0.0,0.0,1.0,0.0,14
0.0,0.0,1.0,0.0,0.0,0.0,0.0,1.0,0.0,0.0,0.0,1.0,0.0,0.0,0.0,1.0,0.0,1.0,1.0,0.1428571428571428,1.0,1.0,1.0,0.5,0.25,0.0,0.0,0.0,0.0,0.0,0.0,0.0,1.0,1.0,1.0,1.0,0.75,1.0,0.25,0.0,0.0,1.0,0.26666666666666666,12
0.0,0.0,0.0,1.0,0.0,0.0,0.0,0.0,1.0,0.0,0.0,1.0,0.0,0.0,0.0,1.0,0.0,1.0,1.0,0.4285714285714284,1.0,0.0,1.0,0.75,0.75,0.0,1.0,0.0,0.0,1.0,0.0,0.0,1.0,1.0,1.0,0.0,1.0,0.5,0.5,0.0,0.0,0.0,0.09333333333333334,17
1.0,0.0,0.0,0.0,0.0,0.0,0.0,1.0,0.0,0.0,0.0,0.0,1.0,0.0,0.0,0.0,1.0,1.0,1.0,0.5714285714285712,1.0,1.0,1.0,0.5,0.25,0.6666666666666667,0.3333333333333333,0.0,0.0,1.0,0.0,0.0,1.0,0.0,1.0,1.0,0.5,0.75,0.0,0.0,0.0,0.25,0.26666666666666666,13
0.0,0.0,0.0,1.0,0.0,0.0,0.0,0.0,1.0,0.0,0.0,1.0,0.0,0.0,0.0,0.0,1.0,1.0,1.0,0.5714285714285712,1.0,1.0,1.0,0.5,0.25,0.0,0.6666666666666667,0.3333333333333333,0.0,0.0,1.0,1.0,1.0,1.0,1.0,1.0,0.75,0.5,0.75,0.0,0.5,0.5,0.05333333333333334,11
1.0,0.0,0.0,0.0,0.0,0.0,0.0,1.0,0.0,0.0,1.0,0.0,0.0,0.0,0.0,0.0,1.0,1.0,1.0,0.5714285714285712,1.0,1.0,1.0,0.0,0.25,0.0,0.3333333333333333,1.0,0.0,1.0,0.0,0.0,0.0,0.0,0.0,0.0,0.5,0.75,0.25,0.0,0.0,1.0,0.02666666666666667,9
0.0,0.0,1.0,0.0,0.0,0.0,0.0,0.0,1.0,0.0,0.0,1.0,0.0,0.0,0.0,1.0,0.0,1.0,1.0,0.1428571428571428,1.0,1.0,1.0,0.75,0.75,0.0,0.3333333333333333,0.0,1.0,1.0,1.0,1.0,1.0,1.0,1.0,0.0,0.75,0.5,0.5,0.25,0.75,1.0,0.7200000000000001,11
1.0,0.0,0.0,0.0,0.0,0.0,0.0,0.0,1.0,0.0,1.0,0.0,0.0,0.0,1.0,0.0,0.0,1.0,1.0,0.2857142857142856,0.0,1.0,1.0,0.75,1.0,0.0,0.6666666666666667,0.0,0.0,1.0,1.0,1.0,0.0,1.0,1.0,0.0,0.75,0.5,0.75,0.25,1.0,1.0,0.0,10
0.0,0.0,0.0,0.0,1.0,0.0,0.0,0.0,0.0,1.0,0.0,1.0,0.0,0.0,0.0,1.0,0.0,1.0,0.0,0.1428571428571428,1.0,1.0,1.0,1.0,1.0,0.0,0.3333333333333333,0.0,0.0,1.0,1.0,1.0,1.0,1.0,1.0,1.0,0.75,0.75,1.0,1.0,1.0,1.0,0.21333333333333335,11
0.0,0.0,0.0,1.0,0.0,0.0,0.0,0.0,1.0,0.0,0.0,1.0,0.0,0.0,0.0,1.0,0.0,1.0,0.0,0.0,1.0,0.0,1.0,0.5,0.5,0.3333333333333333,0.3333333333333333,0.0,0.0,0.0,1.0,1.0,1.0,1.0,1.0,0.0,1.0,0.5,0.5,0.0,0.5,0.75,0.05333333333333334,15
0.0,0.0,1.0,0.0,0.0,0.0,0.0,0.0,1.0,0.0,0.0,0.0,0.0,1.0,0.0,1.0,0.0,1.0,0.0,0.2857142857142856,1.0,1.0,1.0,0.75,0.75,0.0,0.0,0.0,0.0,0.0,0.0,1.0,0.0,1.0,1.0,0.0,0.75,0.5,1.0,0.5,1.0,1.0,0.04,16
0.0,0.0,0.0,1.0,0.0,0.0,0.0,1.0,0.0,0.0,0.0,1.0,0.0,0.0,1.0,0.0,0.0,1.0,0.0,0.1428571428571428,1.0,1.0,1.0,0.75,0.75,0.0,0.6666666666666667,0.0,0.0,1.0,0.0,1.0,1.0,1.0,1.0,0.0,1.0,0.5,0.5,0.0,0.0,1.0,0.02666666666666667,18
0.0,0.0,0.0,1.0,0.0,0.0,0.0,0.0,1.0,0.0,1.0,0.0,0.0,0.0,1.0,0.0,0.0,0.0,1.0,0.4285714285714284,1.0,1.0,1.0,0.75,0.75,0.0,0.3333333333333333,0.0,0.0,1.0,0.0,0.0,1.0,1.0,0.0,1.0,1.0,0.5,0.75,0.0,0.0,1.0,0.0,9
0.0,0.0,0.0,1.0,0.0,0.0,0.0,0.0,1.0,0.0,0.0,1.0,0.0,0.0,0.0,0.0,1.0,1.0,1.0,0.5714285714285712,1.0,0.0,1.0,0.25,0.5,0.0,0.3333333333333333,0.3333333333333333,0.0,0.0,0.0,1.0,0.0,1.0,0.0,1.0,0.75,0.25,0.75,0.25,0.25,0.5,0.0,0
0.0,0.0,0.0,1.0,0.0,0.0,0.0,1.0,0.0,0.0,1.0,0.0,0.0,0.0,1.0,0.0,0.0,1.0,1.0,0.1428571428571428,1.0,1.0,0.0,0.75,1.0,0.0,0.0,0.0,0.0,0.0,0.0,0.0,1.0,1.0,1.0,0.0,0.5,0.25,0.0,0.0,0.75,1.0,0.21333333333333335,11
0.0,0.0,1.0,0.0,0.0,0.0,0.0,1.0,0.0,0.0,1.0,0.0,0.0,0.0,0.0,0.0,1.0,1.0,1.0,0.4285714285714284,1.0,1.0,1.0,0.5,0.25,0.3333333333333333,0.6666666666666667,0.0,0.0,1.0,1.0,0.0,0.0,1.0,1.0,1.0,0.75,0.75,0.75,0.0,0.0,0.5,0.0,0
0.0,0.0,1.0,0.0,0.0,0.0,0.0,1.0,0.0,0.0,0.0,0.0,0.0,1.0,0.0,1.0,0.0,1.0,1.0,0.1428571428571428,1.0,1.0,1.0,0.75,0.5,0.0,0.3333333333333333,0.0,0.0,1.0,1.0,0.0,1.0,1.0,1.0,0.0,0.0,0.25,0.25,0.0,0.25,0.0,0.18666666666666668,12
1.0,0.0,0.0,0.0,0.0,1.0,0.0,0.0,0.0,0.0,0.0,0.0,1.0,0.0,0.0,1.0,0.0,1.0,1.0,0.4285714285714284,1.0,1.0,1.0,0.5,0.5,0.0,0.6666666666666667,0.0,0.0,1.0,1.0,0.0,1.0,1.0,1.0,0.0,0.75,0.5,0.5,0.0,0.25,0.25,0.06666666666666667,19
0.0,0.0,1.0,0.0,0.0,1.0,0.0,0.0,0.0,0.0,1.0,0.0,0.0,0.0,1.0,0.0,0.0,1.0,1.0,0.1428571428571428,1.0,0.0,1.0,0.5,0.5,0.3333333333333333,0.3333333333333333,0.3333333333333333,1.0,0.0,0.0,1.0,1.0,1.0,1.0,0.0,0.75,0.5,0.5,0.25,0.25,1.0,0.18666666666666668,9
0.0,0.0,0.0,1.0,0.0,0.0,0.0,0.0,1.0,0.0,0.0,0.0,1.0,0.0,0.0,1.0,0.0,0.0,1.0,0.4285714285714284,1.0,1.0,1.0,0.75,0.75,0.3333333333333333,0.3333333333333333,0.0,0.0,1.0,0.0,0.0,1.0,1.0,1.0,1.0,0.75,0.5,0.25,0.0,0.5,0.5,0.0,10
0.0,0.0,0.0,0.0,1.0,0.0,0.0,0.0,1.0,0.0,1.0,0.0,0.0,0.0,0.0,1.0,0.0,1.0,1.0,0.1428571428571428,1.0,0.0,1.0,1.0,0.75,0.6666666666666667,0.3333333333333333,0.0,0.0,1.0,0.0,1.0,1.0,1.0,1.0,0.0,1.0,0.75,0.5,0.0,0.25,0.0,0.02666666666666667,15
0.0,0.0,0.0,1.0,0.0,1.0,0.0,0.0,0.0,0.0,0.0,0.0,0.0,1.0,0.0,1.0,0.0,1.0,1.0,0.4285714285714284,1.0,0.0,1.0,0.5,0.25,0.0,0.3333333333333333,0.3333333333333333,0.0,0.0,0.0,0.0,1.0,1.0,1.0,1.0,1.0,0.75,0.5,0.0,0.0,1.0,0.16,13
0.0,0.0,0.0,1.0,0.0,0.0,0.0,0.0,1.0,0.0,0.0,0.0,0.0,1.0,1.0,0.0,0.0,1.0,1.0,0.0,1.0,1.0,1.0,1.0,1.0,0.3333333333333333,0.3333333333333333,0.6666666666666666,0.0,0.0,1.0,0.0,1.0,1.0,1.0,1.0,0.75,0.75,0.75,0.25,0.5,1.0,0.08,8
0.0,0.0,0.0,0.0,1.0,0.0,0.0,1.0,0.0,0.0,1.0,0.0,0.0,0.0,0.0,1.0,0.0,1.0,0.0,0.1428571428571428,1.0,0.0,1.0,1.0,0.75,0.0,0.0,0.0,0.0,0.0,0.0,1.0,0.0,1.0,1.0,0.0,1.0,0.75,1.0,0.0,0.0,0.5,0.0,0
0.0,0.0,0.0,1.0,0.0,0.0,0.0,0.0,1.0,0.0,0.0,0.0,1.0,0.0,0.0,1.0,0.0,1.0,0.0,0.1428571428571428,1.0,1.0,1.0,0.25,0.5,0.0,0.0,0.0,0.0,1.0,1.0,1.0,1.0,1.0,1.0,1.0,0.5,0.5,0.5,0.0,0.25,0.5,0.02666666666666667,11
0.0,0.0,1.0,0.0,0.0,0.0,0.0,1.0,0.0,0.0,0.0,0.0,0.0,1.0,1.0,0.0,0.0,1.0,0.0,0.1428571428571428,1.0,1.0,1.0,0.75,0.25,0.3333333333333333,1.0,0.0,0.0,1.0,1.0,0.0,1.0,1.0,1.0,0.0,0.75,0.5,0.25,0.0,0.0,1.0,0.0,15
0.0,0.0,1.0,0.0,0.0,0.0,0.0,0.0,1.0,0.0,1.0,0.0,0.0,0.0,1.0,0.0,0.0,1.0,0.0,0.1428571428571428,1.0,1.0,1.0,0.75,0.75,0.0,0.3333333333333333,0.3333333333333333,0.0,1.0,1.0,0.0,1.0,1.0,1.0,1.0,0.75,1.0,1.0,0.75,0.75,1.0,0.05333333333333334,12
0.0,1.0,0.0,0.0,0.0,0.0,0.0,0.0,1.0,0.0,1.0,0.0,0.0,0.0,1.0,0.0,0.0,1.0,0.0,0.0,1.0,0.0,1.0,1.0,1.0,0.0,0.0,0.0,0.0,1.0,1.0,1.0,1.0,1.0,1.0,0.0,0.75,0.5,0.5,0.0,0.5,1.0,0.02666666666666667,14
0.0,0.0,1.0,0.0,0.0,0.0,0.0,1.0,0.0,0.0,0.0,0.0,1.0,0.0,1.0,0.0,0.0,1.0,1.0,0.0,1.0,1.0,1.0,0.5,0.75,0.3333333333333333,0.0,0.0,0.0,1.0,0.0,1.0,1.0,1.0,0.0,0.0,0.5,1.0,0.0,0.0,0.0,1.0,0.0,6
0.0,0.0,0.0,1.0,0.0,0.0,0.0,1.0,0.0,0.0,0.0,1.0,0.0,0.0,0.0,1.0,0.0,1.0,0.0,0.1428571428571428,1.0,0.0,0.0,0.75,1.0,0.0,0.3333333333333333,0.0,1.0,1.0,0.0,1.0,1.0,1.0,1.0,0.0,1.0,0.5,0.5,0.0,0.0,1.0,0.05333333333333334,11
0.0,0.0,1.0,0.0,0.0,0.0,0.0,1.0,0.0,0.0,1.0,0.0,0.0,0.0,1.0,0.0,0.0,1.0,0.0,0.1428571428571428,1.0,1.0,1.0,0.75,1.0,0.6666666666666667,0.0,0.6666666666666666,0.0,1.0,0.0,1.0,0.0,1.0,1.0,0.0,0.5,0.75,1.0,0.25,0.75,0.25,0.0,0
0.0,0.0,0.0,0.0,1.0,0.0,0.0,0.0,1.0,0.0,1.0,0.0,0.0,0.0,0.0,1.0,0.0,1.0,1.0,0.0,1.0,1.0,1.0,1.0,1.0,0.0,0.6666666666666667,0.0,0.0,1.0,1.0,1.0,1.0,1.0,1.0,0.0,0.75,0.25,0.25,0.0,0.0,1.0,0.02666666666666667,11
1.0,0.0,0.0,0.0,0.0,0.0,1.0,0.0,0.0,0.0,0.0,1.0,0.0,0.0,0.0,0.0,1.0,1.0,1.0,0.5714285714285712,1.0,1.0,1.0,0.25,0.25,0.0,0.6666666666666667,0.6666666666666666,0.0,0.0,0.0,0.0,0.0,1.0,1.0,1.0,0.75,0.0,0.25,0.0,0.0,0.5,0.18666666666666668,13
0.0,1.0,0.0,0.0,0.0,0.0,0.0,1.0,0.0,0.0,0.0,0.0,0.0,1.0,1.0,0.0,0.0,1.0,0.0,0.4285714285714284,1.0,1.0,1.0,1.0,0.5,0.0,0.3333333333333333,0.0,0.0,1.0,1.0,1.0,1.0,1.0,1.0,1.0,1.0,0.75,1.0,0.0,0.5,1.0,0.13333333333333333,10
1.0,0.0,0.0,0.0,0.0,0.0,0.0,1.0,0.0,0.0,0.0,0.0,0.0,1.0,0.0,1.0,0.0,1.0,1.0,0.2857142857142856,1.0,1.0,1.0,0.25,0.25,0.0,0.6666666666666667,0.3333333333333333,0.0,1.0,0.0,1.0,1.0,1.0,0.0,1.0,0.75,0.5,0.75,0.0,0.0,1.0,0.0,0
1.0,0.0,0.0,0.0,0.0,0.0,0.0,1.0,0.0,0.0,0.0,1.0,0.0,0.0,0.0,1.0,0.0,1.0,1.0,0.0,0.0,1.0,1.0,0.25,0.25,0.3333333333333333,1.0,0.3333333333333333,1.0,1.0,1.0,1.0,1.0,1.0,1.0,0.0,0.5,0.0,0.25,0.0,0.0,0.0,0.02666666666666667,10
0.0,1.0,0.0,0.0,0.0,0.0,0.0,1.0,0.0,0.0,0.0,0.0,1.0,0.0,0.0,1.0,0.0,1.0,1.0,0.0,1.0,0.0,1.0,1.0,0.5,0.0,0.3333333333333333,0.0,0.0,1.0,1.0,0.0,1.0,1.0,1.0,0.0,0.75,0.5,0.5,0.0,0.0,1.0,0.02666666666666667,13
0.0,1.0,0.0,0.0,0.0,0.0,0.0,1.0,0.0,0.0,1.0,0.0,0.0,0.0,0.0,1.0,0.0,1.0,0.0,0.2857142857142856,1.0,0.0,1.0,1.0,0.75,0.3333333333333333,0.3333333333333333,0.0,0.0,0.0,0.0,1.0,1.0,1.0,1.0,1.0,0.25,1.0,1.0,0.0,0.75,1.0,0.18666666666666668,12
0.0,0.0,0.0,1.0,0.0,0.0,0.0,1.0,0.0,0.0,0.0,0.0,0.0,1.0,0.0,1.0,0.0,1.0,0.0,0.4285714285714284,0.0,0.0,1.0,0.75,0.5,0.3333333333333333,0.6666666666666667,0.0,0.0,1.0,1.0,1.0,1.0,1.0,1.0,0.0,1.0,0.75,0.25,0.0,0.0,0.75,0.10666666666666667,14
0.0,0.0,0.0,1.0,0.0,1.0,0.0,0.0,0.0,0.0,0.0,0.0,0.0,1.0,0.0,0.0,1.0,1.0,1.0,0.4285714285714284,1.0,1.0,1.0,0.5,1.0,0.0,0.3333333333333333,0.3333333333333333,0.0,1.0,1.0,1.0,1.0,1.0,1.0,0.0,0.75,0.75,0.5,0.0,0.0,0.5,0.10666666666666667,12
0.0,0.0,0.0,0.0,1.0,0.0,0.0,0.0,1.0,0.0,0.0,0.0,1.0,0.0,0.0,1.0,0.0,1.0,0.0,0.1428571428571428,0.0,1.0,1.0,1.0,0.5,0.0,0.0,0.0,0.0,1.0,0.0,1.0,1.0,1.0,1.0,1.0,0.75,0.5,0.5,0.5,0.75,0.5,0.13333333333333333,9
0.0,0.0,0.0,0.0,1.0,0.0,0.0,1.0,0.0,0.0,0.0,1.0,0.0,0.0,0.0,0.0,1.0,1.0,0.0,0.0,1.0,0.0,1.0,1.0,1.0,0.0,0.0,0.0,0.0,1.0,0.0,0.0,0.0,1.0,1.0,1.0,1.0,0.75,0.5,0.25,0.75,1.0,0.10666666666666667,12
1.0,0.0,0.0,0.0,0.0,0.0,0.0,0.0,1.0,0.0,1.0,0.0,0.0,0.0,0.0,1.0,0.0,0.0,0.0,0.4285714285714284,1.0,0.0,1.0,0.25,0.75,0.0,0.0,0.3333333333333333,0.0,0.0,0.0,0.0,1.0,0.0,1.0,1.0,0.75,0.5,0.5,0.25,0.5,0.5,0.09333333333333334,8
0.0,0.0,0.0,1.0,0.0,0.0,0.0,1.0,0.0,0.0,1.0,0.0,0.0,0.0,0.0,1.0,0.0,1.0,1.0,0.1428571428571428,1.0,1.0,0.0,0.75,0.25,0.0,0.3333333333333333,1.0,0.0,1.0,1.0,0.0,1.0,1.0,1.0,0.0,0.25,0.5,0.5,0.25,0.25,0.75,0.06666666666666667,7
0.0,0.0,1.0,0.0,0.0,0.0,0.0,1.0,0.0,0.0,1.0,0.0,0.0,0.0,0.0,1.0,0.0,1.0,0.0,0.2857142857142856,0.0,1.0,1.0,0.5,0.25,0.0,0.0,0.0,0.0,0.0,0.0,0.0,0.0,1.0,1.0,0.0,0.75,0.75,0.25,0.25,0.75,1.0,0.0,12
0.0,0.0,0.0,1.0,0.0,0.0,0.0,1.0,0.0,0.0,1.0,0.0,0.0,0.0,0.0,1.0,0.0,1.0,0.0,0.2857142857142856,0.0,1.0,1.0,0.5,0.5,1.0,0.0,0.0,0.0,1.0,0.0,0.0,1.0,1.0,1.0,0.0,0.75,0.75,1.0,1.0,1.0,0.75,0.10666666666666667,10
0.0,0.0,1.0,0.0,0.0,0.0,0.0,1.0,0.0,0.0,0.0,1.0,0.0,0.0,1.0,0.0,0.0,1.0,1.0,0.1428571428571428,1.0,1.0,1.0,0.75,0.75,0.0,0.3333333333333333,0.0,0.0,1.0,1.0,0.0,1.0,1.0,0.0,0.0,0.75,0.5,0.25,0.0,0.25,1.0,0.05333333333333334,10
0.0,0.0,0.0,0.0,1.0,0.0,0.0,0.0,1.0,0.0,0.0,0.0,0.0,1.0,0.0,1.0,0.0,1.0,1.0,0.2857142857142856,1.0,0.0,1.0,1.0,0.5,0.0,1.0,0.0,0.0,1.0,1.0,1.0,1.0,1.0,1.0,0.0,0.75,0.25,0.5,0.0,0.0,0.75,0.08,13
0.0,0.0,1.0,0.0,0.0,0.0,0.0,1.0,0.0,0.0,0.0,1.0,0.0,0.0,0.0,0.0,1.0,0.0,0.0,0.5714285714285712,0.0,1.0,1.0,0.25,0.25,0.6666666666666667,0.0,0.3333333333333333,0.0,1.0,0.0,0.0,1.0,1.0,1.0,0.0,0.75,0.75,0.75,0.5,0.5,1.0,0.05333333333333334,8
0.0,0.0,0.0,1.0,0.0,0.0,0.0,0.0,1.0,0.0,0.0,0.0,1.0,0.0,0.0,1.0,0.0,1.0,0.0,0.1428571428571428,1.0,1.0,1.0,1.0,1.0,0.0,0.0,0.0,1.0,1.0,1.0,1.0,1.0,1.0,1.0,0.0,0.75,1.0,1.0,1.0,1.0,0.75,0.18666666666666668,5
0.0,0.0,1.0,0.0,0.0,0.0,0.0,1.0,0.0,0.0,1.0,0.0,0.0,0.0,0.0,1.0,0.0,1.0,1.0,0.2857142857142856,1.0,1.0,1.0,0.75,0.5,0.0,0.3333333333333333,0.0,0.0,0.0,0.0,1.0,0.0,1.0,1.0,0.0,1.0,0.5,0.75,0.0,0.5,0.5,0.13333333333333333,15
0.0,0.0,1.0,0.0,0.0,0.0,0.0,1.0,0.0,0.0,0.0,1.0,0.0,0.0,0.0,1.0,0.0,1.0,1.0,0.2857142857142856,1.0,1.0,1.0,0.75,0.5,0.0,0.3333333333333333,0.0,0.0,1.0,1.0,0.0,1.0,1.0,1.0,1.0,0.75,0.5,0.25,0.25,0.5,0.25,0.0,0
0.0,0.0,0.0,1.0,0.0,0.0,0.0,1.0,0.0,0.0,0.0,1.0,0.0,0.0,0.0,1.0,0.0,1.0,0.0,0.4285714285714284,1.0,1.0,1.0,0.5,0.5,0.0,0.3333333333333333,0.3333333333333333,0.0,1.0,1.0,1.0,1.0,1.0,1.0,0.0,0.75,0.75,0.75,0.25,0.75,1.0,0.2,8
0.0,0.0,1.0,0.0,0.0,0.0,0.0,1.0,0.0,0.0,0.0,0.0,0.0,1.0,0.0,1.0,0.0,1.0,0.0,0.1428571428571428,1.0,1.0,1.0,0.25,0.0,0.3333333333333333,0.3333333333333333,0.0,0.0,1.0,1.0,1.0,1.0,1.0,1.0,1.0,0.75,0.5,0.25,0.0,0.0,0.5,0.02666666666666667,16
0.0,0.0,1.0,0.0,0.0,0.0,0.0,1.0,0.0,0.0,0.0,0.0,0.0,1.0,0.0,1.0,0.0,1.0,1.0,0.1428571428571428,1.0,1.0,1.0,1.0,1.0,0.0,0.0,0.0,0.0,0.0,0.0,1.0,0.0,1.0,1.0,0.0,1.0,0.5,0.75,0.0,0.25,0.0,0.08,14
0.0,0.0,1.0,0.0,0.0,0.0,0.0,1.0,0.0,0.0,0.0,0.0,0.0,1.0,0.0,1.0,0.0,1.0,1.0,0.2857142857142856,1.0,0.0,1.0,0.75,0.5,0.3333333333333333,0.3333333333333333,0.0,0.0,0.0,1.0,0.0,1.0,1.0,1.0,0.0,0.75,0.75,0.75,0.0,0.5,0.0,0.02666666666666667,15
0.0,0.0,0.0,1.0,0.0,0.0,0.0,0.0,1.0,0.0,1.0,0.0,0.0,0.0,1.0,0.0,0.0,1.0,1.0,0.1428571428571428,1.0,1.0,1.0,0.25,0.25,1.0,0.0,0.0,1.0,1.0,0.0,1.0,0.0,1.0,1.0,1.0,1.0,1.0,1.0,1.0,1.0,1.0,0.08,11
0.0,1.0,0.0,0.0,0.0,0.0,0.0,0.0,1.0,0.0,0.0,0.0,0.0,1.0,0.0,1.0,0.0,1.0,0.0,0.1428571428571428,1.0,1.0,1.0,1.0,0.75,0.0,1.0,0.0,0.0,0.0,0.0,1.0,1.0,1.0,1.0,0.0,0.75,0.25,0.25,0.0,0.0,0.25,0.05333333333333334,20
0.0,0.0,0.0,0.0,1.0,1.0,0.0,0.0,0.0,0.0,1.0,0.0,0.0,0.0,0.0,1.0,0.0,1.0,0.0,0.0,0.0,1.0,1.0,1.0,0.75,0.0,0.3333333333333333,0.0,0.0,1.0,0.0,1.0,1.0,1.0,1.0,1.0,0.75,1.0,0.25,0.0,0.0,1.0,0.0,16
0.0,0.0,0.0,0.0,1.0,0.0,0.0,1.0,0.0,0.0,0.0,0.0,0.0,1.0,0.0,1.0,0.0,1.0,1.0,0.4285714285714284,0.0,1.0,1.0,1.0,1.0,0.3333333333333333,0.3333333333333333,0.0,0.0,0.0,1.0,1.0,1.0,1.0,1.0,0.0,0.75,0.5,0.75,0.25,0.25,0.75,0.10666666666666667,11
0.0,1.0,0.0,0.0,0.0,0.0,0.0,1.0,0.0,0.0,0.0,1.0,0.0,0.0,0.0,1.0,0.0,1.0,1.0,0.1428571428571428,1.0,1.0,1.0,1.0,0.75,0.0,0.3333333333333333,0.0,0.0,1.0,0.0,1.0,1.0,1.0,1.0,0.0,0.75,0.5,1.0,0.0,1.0,0.25,0.02666666666666667,16
0.0,1.0,0.0,0.0,0.0,0.0,0.0,1.0,0.0,0.0,1.0,0.0,0.0,0.0,0.0,1.0,0.0,0.0,0.0,0.2857142857142856,1.0,1.0,1.0,0.75,0.75,0.3333333333333333,0.3333333333333333,0.0,0.0,1.0,1.0,0.0,1.0,1.0,1.0,0.0,0.75,1.0,0.75,0.25,0.5,0.5,0.02666666666666667,13
0.0,1.0,0.0,0.0,0.0,0.0,0.0,0.0,1.0,0.0,0.0,0.0,1.0,0.0,0.0,1.0,0.0,1.0,0.0,0.0,1.0,1.0,1.0,1.0,0.5,0.0,0.0,0.0,0.0,0.0,1.0,0.0,1.0,1.0,1.0,0.0,0.25,0.25,0.75,0.25,0.75,0.0,0.05333333333333334,15
0.0,1.0,0.0,0.0,0.0,0.0,0.0,1.0,0.0,0.0,1.0,0.0,0.0,0.0,0.0,0.0,1.0,0.0,1.0,0.714285714285714,1.0,1.0,1.0,1.0,0.5,0.3333333333333333,0.6666666666666667,0.6666666666666666,0.0,1.0,1.0,0.0,0.0,1.0,1.0,1.0,1.0,0.75,0.5,0.0,0.0,0.5,0.05333333333333334,15
0.0,1.0,0.0,0.0,0.0,0.0,0.0,1.0,0.0,0.0,0.0,0.0,0.0,1.0,1.0,0.0,0.0,1.0,1.0,0.2857142857142856,1.0,0.0,1.0,1.0,0.75,0.0,0.3333333333333333,0.0,0.0,0.0,0.0,1.0,1.0,1.0,1.0,1.0,0.5,0.25,0.5,0.0,0.25,0.5,0.18666666666666668,14
0.0,0.0,0.0,1.0,0.0,0.0,0.0,1.0,0.0,0.0,0.0,1.0,0.0,0.0,1.0,0.0,0.0,1.0,1.0,0.4285714285714284,1.0,1.0,1.0,1.0,0.75,0.0,0.3333333333333333,0.0,0.0,1.0,1.0,0.0,1.0,1.0,1.0,1.0,0.5,0.0,0.25,0.0,0.5,0.25,0.28,18
0.0,0.0,0.0,1.0,0.0,0.0,0.0,0.0,1.0,0.0,0.0,0.0,0.0,1.0,0.0,1.0,0.0,1.0,0.0,0.4285714285714284,1.0,1.0,1.0,0.5,0.25,0.0,0.6666666666666667,0.0,0.0,0.0,1.0,1.0,1.0,1.0,1.0,0.0,0.75,0.25,0.75,0.0,0.5,0.25,0.08,14
0.0,0.0,1.0,0.0,0.0,0.0,0.0,1.0,0.0,0.0,1.0,0.0,0.0,0.0,0.0,1.0,0.0,1.0,0.0,0.1428571428571428,1.0,0.0,1.0,0.25,0.5,0.3333333333333333,0.0,0.3333333333333333,0.0,0.0,0.0,1.0,1.0,1.0,0.0,0.0,0.75,0.75,0.75,0.25,0.75,1.0,0.0,0
0.0,0.0,0.0,1.0,0.0,0.0,0.0,1.0,0.0,0.0,1.0,0.0,0.0,0.0,0.0,1.0,0.0,1.0,1.0,0.2857142857142856,1.0,1.0,1.0,0.75,1.0,0.0,0.6666666666666667,0.0,0.0,0.0,0.0,0.0,1.0,1.0,1.0,0.0,0.75,0.75,1.0,0.0,0.5,1.0,0.21333333333333335,15
0.0,0.0,0.0,1.0,0.0,0.0,0.0,1.0,0.0,0.0,1.0,0.0,0.0,0.0,0.0,1.0,0.0,1.0,0.0,0.1428571428571428,1.0,0.0,1.0,0.25,0.25,0.0,0.3333333333333333,0.3333333333333333,0.0,0.0,0.0,0.0,1.0,1.0,0.0,1.0,0.75,0.75,0.75,0.0,0.5,1.0,0.0,12
0.0,0.0,1.0,0.0,0.0,0.0,0.0,0.0,1.0,0.0,0.0,0.0,0.0,1.0,1.0,0.0,0.0,1.0,1.0,0.1428571428571428,1.0,0.0,1.0,0.25,0.5,0.0,0.3333333333333333,0.0,1.0,0.0,0.0,1.0,1.0,1.0,1.0,0.0,0.75,0.75,0.5,0.0,0.0,0.0,0.05333333333333334,9
0.0,0.0,0.0,1.0,0.0,1.0,0.0,0.0,0.0,0.0,1.0,0.0,0.0,0.0,0.0,1.0,0.0,1.0,1.0,0.0,1.0,1.0,1.0,1.0,1.0,0.0,0.6666666666666667,0.0,0.0,1.0,0.0,1.0,1.0,1.0,1.0,1.0,0.75,0.5,0.5,0.0,0.0,1.0,0.0,0
0.0,0.0,0.0,1.0,0.0,0.0,0.0,1.0,0.0,0.0,0.0,0.0,0.0,1.0,0.0,1.0,0.0,1.0,0.0,0.4285714285714284,0.0,1.0,1.0,0.5,0.5,0.0,0.0,0.6666666666666666,0.0,1.0,0.0,1.0,1.0,1.0,1.0,0.0,0.5,0.5,0.5,0.0,0.25,0.75,0.0,0
0.0,0.0,0.0,1.0,0.0,0.0,0.0,1.0,0.0,0.0,0.0,1.0,0.0,0.0,0.0,1.0,0.0,1.0,0.0,0.0,1.0,0.0,0.0,0.75,0.5,0.0,0.3333333333333333,0.0,0.0,1.0,1.0,0.0,1.0,1.0,1.0,0.0,0.75,0.25,0.25,0.0,0.0,0.0,0.0,19
0.0,0.0,0.0,1.0,0.0,0.0,0.0,0.0,1.0,0.0,0.0,0.0,0.0,1.0,1.0,0.0,0.0,1.0,1.0,0.0,1.0,0.0,1.0,1.0,0.75,0.0,0.3333333333333333,0.0,1.0,0.0,0.0,1.0,1.0,1.0,1.0,1.0,0.75,0.75,0.75,0.25,0.75,0.25,0.0,10
0.0,1.0,0.0,0.0,0.0,0.0,0.0,1.0,0.0,0.0,0.0,1.0,0.0,0.0,0.0,1.0,0.0,1.0,1.0,0.4285714285714284,1.0,0.0,0.0,1.0,1.0,0.0,0.3333333333333333,0.0,0.0,1.0,0.0,0.0,1.0,1.0,1.0,1.0,0.75,0.25,0.75,0.0,0.0,0.75,0.18666666666666668,11
0.0,0.0,1.0,0.0,0.0,0.0,0.0,1.0,0.0,0.0,0.0,1.0,0.0,0.0,0.0,0.0,1.0,1.0,0.0,0.0,1.0,1.0,0.0,0.5,0.5,0.0,0.6666666666666667,0.0,0.0,1.0,0.0,0.0,1.0,1.0,1.0,1.0,0.75,1.0,0.25,0.0,0.0,0.5,0.0,16
0.0,0.0,1.0,0.0,0.0,0.0,0.0,1.0,0.0,0.0,0.0,0.0,0.0,1.0,0.0,1.0,0.0,1.0,0.0,0.2857142857142856,0.0,0.0,1.0,0.25,0.5,0.0,0.0,0.0,0.0,0.0,0.0,0.0,1.0,1.0,0.0,0.0,0.25,0.25,0.25,0.5,0.5,1.0,0.10666666666666667,13
0.0,0.0,1.0,0.0,0.0,0.0,0.0,1.0,0.0,0.0,0.0,1.0,0.0,0.0,0.0,1.0,0.0,1.0,1.0,0.1428571428571428,1.0,0.0,1.0,0.5,0.5,0.3333333333333333,0.3333333333333333,0.3333333333333333,0.0,1.0,0.0,1.0,0.0,1.0,1.0,1.0,0.5,0.5,0.5,0.0,0.25,0.5,0.33333333333333337,11
1.0,0.0,0.0,0.0,0.0,0.0,0.0,1.0,0.0,0.0,0.0,0.0,1.0,0.0,0.0,1.0,0.0,0.0,0.0,0.4285714285714284,0.0,0.0,1.0,0.25,0.25,0.3333333333333333,0.3333333333333333,0.3333333333333333,0.0,0.0,0.0,1.0,0.0,0.0,0.0,0.0,0.75,0.75,0.5,0.25,0.5,1.0,0.02666666666666667,12
0.0,0.0,0.0,1.0,0.0,0.0,0.0,1.0,0.0,0.0,0.0,1.0,0.0,0.0,0.0,1.0,0.0,0.0,0.0,0.2857142857142856,0.0,1.0,1.0,1.0,0.75,0.3333333333333333,0.3333333333333333,0.0,0.0,1.0,1.0,1.0,0.0,1.0,1.0,1.0,0.75,1.0,1.0,0.0,0.5,0.25,0.05333333333333334,11
0.0,0.0,1.0,0.0,0.0,0.0,0.0,1.0,0.0,0.0,0.0,0.0,0.0,1.0,0.0,1.0,0.0,1.0,1.0,0.2857142857142856,1.0,1.0,1.0,1.0,0.75,0.0,0.3333333333333333,0.6666666666666666,0.0,0.0,1.0,0.0,1.0,1.0,1.0,1.0,0.5,0.75,1.0,0.25,0.75,0.0,0.29333333333333333,4
0.0,0.0,0.0,0.0,1.0,0.0,0.0,0.0,1.0,0.0,1.0,0.0,0.0,0.0,0.0,1.0,0.0,1.0,0.0,0.4285714285714284,1.0,0.0,1.0,1.0,0.75,0.3333333333333333,0.0,0.0,0.0,0.0,1.0,1.0,1.0,1.0,1.0,0.0,0.75,0.25,0.5,0.0,0.25,0.0,0.10666666666666667,10
0.0,0.0,0.0,0.0,1.0,0.0,0.0,0.0,1.0,0.0,0.0,1.0,0.0,0.0,1.0,0.0,0.0,1.0,0.0,0.4285714285714284,1.0,1.0,1.0,1.0,1.0,0.0,0.3333333333333333,0.3333333333333333,0.0,1.0,0.0,1.0,1.0,1.0,1.0,0.0,0.75,0.5,0.5,0.25,0.25,0.25,0.0,0
0.0,0.0,1.0,0.0,0.0,0.0,0.0,1.0,0.0,0.0,0.0,1.0,0.0,0.0,1.0,0.0,0.0,1.0,0.0,0.2857142857142856,1.0,0.0,1.0,0.5,0.5,0.0,0.3333333333333333,0.0,0.0,0.0,1.0,1.0,0.0,1.0,1.0,1.0,0.75,0.75,0.25,1.0,1.0,0.75,0.05333333333333334,13
0.0,0.0,0.0,0.0,1.0,0.0,0.0,1.0,0.0,0.0,0.0,0.0,1.0,0.0,0.0,1.0,0.0,1.0,1.0,0.1428571428571428,1.0,1.0,1.0,1.0,0.75,0.0,0.3333333333333333,0.0,0.0,0.0,1.0,1.0,1.0,1.0,1.0,1.0,0.0,0.5,0.25,0.0,0.0,0.0,0.13333333333333333,13
0.0,0.0,1.0,0.0,0.0,0.0,0.0,1.0,0.0,0.0,0.0,0.0,0.0,1.0,0.0,1.0,0.0,1.0,1.0,0.1428571428571428,1.0,1.0,0.0,0.5,0.5,0.0,0.3333333333333333,0.0,1.0,1.0,1.0,0.0,1.0,1.0,1.0,0.0,0.5,0.5,0.75,0.0,0.0,0.75,0.0,14
0.0,1.0,0.0,0.0,0.0,0.0,0.0,1.0,0.0,0.0,0.0,1.0,0.0,0.0,0.0,1.0,0.0,1.0,0.0,0.2857142857142856,1.0,1.0,1.0,0.75,0.75,0.0,0.0,0.0,0.0,1.0,1.0,0.0,1.0,1.0,1.0,0.0,0.75,0.75,0.5,0.0,0.5,1.0,0.05333333333333334,11
0.0,0.0,0.0,0.0,1.0,0.0,0.0,0.0,0.0,1.0,0.0,1.0,0.0,0.0,1.0,0.0,0.0,0.0,0.0,0.4285714285714284,1.0,1.0,1.0,1.0,1.0,0.0,0.3333333333333333,0.0,0.0,0.0,1.0,1.0,0.0,1.0,1.0,0.0,0.5,0.25,0.75,0.0,0.75,0.25,0.05333333333333334,14
1.0,0.0,0.0,0.0,0.0,0.0,0.0,1.0,0.0,0.0,0.0,0.0,0.0,1.0,0.0,0.0,1.0,1.0,0.0,0.1428571428571428,1.0,1.0,1.0,0.75,0.75,0.6666666666666667,0.3333333333333333,0.0,1.0,1.0,0.0,0.0,0.0,1.0,1.0,0.0,1.0,0.5,0.5,0.0,0.5,0.25,0.08,10
1.0,0.0,0.0,0.0,0.0,0.0,0.0,1.0,0.0,0.0,0.0,0.0,1.0,0.0,0.0,1.0,0.0,0.0,1.0,0.4285714285714284,0.0,1.0,1.0,0.5,0.5,0.3333333333333333,0.6666666666666667,0.0,0.0,0.0,1.0,0.0,1.0,1.0,0.0,0.0,1.0,0.5,0.5,0.0,0.5,0.75,0.02666666666666667,10
1.0,0.0,0.0,0.0,0.0,0.0,0.0,1.0,0.0,0.0,1.0,0.0,0.0,0.0,0.0,1.0,0.0,0.0,1.0,0.4285714285714284,0.0,0.0,0.0,0.25,1.0,0.6666666666666667,0.3333333333333333,0.0,0.0,0.0,0.0,0.0,1.0,1.0,0.0,1.0,0.75,0.5,0.75,0.0,0.75,1.0,0.0,13
0.0,1.0,0.0,0.0,0.0,0.0,1.0,0.0,0.0,0.0,0.0,0.0,0.0,1.0,1.0,0.0,0.0,1.0,1.0,0.2857142857142856,1.0,1.0,1.0,0.75,0.5,0.0,1.0,0.0,0.0,1.0,1.0,1.0,0.0,1.0,1.0,0.0,1.0,0.25,0.25,0.0,0.25,1.0,0.0,18
0.0,0.0,1.0,0.0,0.0,0.0,0.0,1.0,0.0,0.0,0.0,0.0,0.0,1.0,0.0,1.0,0.0,1.0,1.0,0.4285714285714284,0.0,1.0,1.0,0.5,0.25,0.3333333333333333,0.3333333333333333,0.0,0.0,1.0,0.0,0.0,1.0,0.0,1.0,1.0,0.75,0.5,1.0,0.0,0.25,0.5,0.0,0
0.0,0.0,1.0,0.0,0.0,0.0,0.0,1.0,0.0,0.0,0.0,0.0,0.0,1.0,0.0,1.0,0.0,1.0,1.0,0.1428571428571428,1.0,1.0,1.0,0.5,0.75,0.0,0.3333333333333333,0.0,1.0,1.0,1.0,1.0,1.0,1.0,0.0,0.0,0.75,0.75,0.5,0.0,0.5,0.75,0.08,10
0.0,0.0,1.0,0.0,0.0,0.0,0.0,1.0,0.0,0.0,1.0,0.0,0.0,0.0,0.0,1.0,0.0,1.0,0.0,0.0,0.0,1.0,1.0,0.75,0.5,0.3333333333333333,0.3333333333333333,0.6666666666666666,1.0,1.0,0.0,0.0,1.0,1.0,1.0,1.0,0.75,0.75,0.75,0.0,0.75,0.5,0.08,7
0.0,0.0,0.0,1.0,0.0,0.0,0.0,0.0,1.0,0.0,1.0,0.0,0.0,0.0,1.0,0.0,0.0,1.0,0.0,0.0,1.0,1.0,1.0,0.5,0.5,0.0,0.0,0.0,1.0,1.0,0.0,0.0,1.0,1.0,1.0,0.0,1.0,0.75,0.0,0.0,0.0,0.0,0.0,11
0.0,0.0,0.0,1.0,0.0,0.0,1.0,0.0,0.0,0.0,0.0,1.0,0.0,0.0,1.0,0.0,0.0,1.0,0.0,0.4285714285714284,1.0,0.0,1.0,0.75,0.75,0.0,0.3333333333333333,0.3333333333333333,0.0,1.0,1.0,0.0,1.0,1.0,1.0,0.0,0.5,0.25,0.75,0.25,0.75,0.75,0.17333333333333334,8
0.0,0.0,0.0,1.0,0.0,0.0,0.0,0.0,1.0,0.0,1.0,0.0,0.0,0.0,0.0,1.0,0.0,1.0,1.0,0.1428571428571428,1.0,1.0,1.0,0.5,0.75,0.0,0.3333333333333333,0.0,0.0,0.0,0.0,0.0,1.0,1.0,1.0,0.0,0.75,0.5,0.5,0.0,0.0,0.25,0.13333333333333333,13
1.0,0.0,0.0,0.0,0.0,0.0,0.0,1.0,0.0,0.0,0.0,0.0,0.0,1.0,0.0,0.0,1.0,1.0,1.0,0.5714285714285712,1.0,0.0,1.0,0.25,0.25,0.0,0.3333333333333333,0.3333333333333333,1.0,1.0,0.0,1.0,0.0,1.0,1.0,0.0,0.75,0.75,0.5,0.0,0.5,0.5,0.24000000000000002,10
0.0,0.0,0.0,1.0,0.0,0.0,0.0,0.0,1.0,0.0,1.0,0.0,0.0,0.0,1.0,0.0,0.0,1.0,1.0,0.2857142857142856,1.0,0.0,1.0,0.5,0.5,0.0,1.0,0.0,0.0,0.0,1.0,1.0,1.0,1.0,1.0,1.0,0.5,0.75,0.0,0.0,0.0,0.25,0.0,0
0.0,0.0,1.0,0.0,0.0,0.0,1.0,0.0,0.0,0.0,0.0,0.0,0.0,1.0,1.0,0.0,0.0,1.0,1.0,0.0,1.0,1.0,0.0,0.75,0.75,0.0,1.0,0.0,1.0,0.0,0.0,0.0,1.0,1.0,0.0,0.0,0.75,0.5,0.5,0.0,0.0,0.75,0.13333333333333333,11
0.0,0.0,0.0,1.0,0.0,0.0,0.0,0.0,1.0,0.0,1.0,0.0,0.0,0.0,0.0,1.0,0.0,1.0,1.0,0.0,1.0,1.0,1.0,1.0,1.0,0.0,0.0,0.0,1.0,1.0,1.0,0.0,1.0,1.0,1.0,0.0,0.5,0.5,0.75,0.25,0.5,1.0,0.0,11
1.0,0.0,0.0,0.0,0.0,0.0,0.0,1.0,0.0,0.0,1.0,0.0,0.0,0.0,1.0,0.0,0.0,1.0,1.0,0.2857142857142856,1.0,1.0,1.0,0.25,0.25,0.0,0.3333333333333333,0.0,0.0,1.0,0.0,0.0,0.0,1.0,1.0,0.0,1.0,0.5,0.5,0.0,0.0,0.5,0.05333333333333334,6
0.0,0.0,0.0,1.0,0.0,0.0,0.0,0.0,0.0,1.0,0.0,0.0,1.0,0.0,1.0,0.0,0.0,1.0,1.0,0.0,1.0,1.0,1.0,1.0,1.0,0.0,0.3333333333333333,0.3333333333333333,1.0,1.0,0.0,1.0,0.0,1.0,1.0,0.0,0.75,0.75,0.75,0.0,0.0,0.5,0.02666666666666667,7
0.0,0.0,1.0,0.0,0.0,0.0,0.0,0.0,1.0,0.0,1.0,0.0,0.0,0.0,1.0,0.0,0.0,1.0,0.0,0.0,1.0,1.0,1.0,0.5,0.75,0.0,0.0,0.0,1.0,1.0,1.0,1.0,0.0,1.0,1.0,1.0,0.5,0.25,0.25,0.0,0.5,0.5,0.02666666666666667,12
1.0,0.0,0.0,0.0,0.0,0.0,0.0,0.0,1.0,0.0,0.0,1.0,0.0,0.0,0.0,1.0,0.0,1.0,1.0,0.2857142857142856,1.0,1.0,1.0,0.75,1.0,0.0,0.6666666666666667,0.3333333333333333,0.0,1.0,1.0,0.0,1.0,1.0,1.0,1.0,0.75,0.75,0.5,0.5,0.75,1.0,0.37333333333333335,9
0.0,0.0,1.0,0.0,0.0,0.0,0.0,1.0,0.0,0.0,0.0,1.0,0.0,0.0,0.0,1.0,0.0,1.0,0.0,0.1428571428571428,1.0,1.0,1.0,0.75,0.5,0.0,0.0,0.0,0.0,1.0,1.0,0.0,0.0,1.0,1.0,0.0,1.0,0.75,0.5,0.0,0.0,1.0,0.0,15
0.0,0.0,1.0,0.0,0.0,0.0,0.0,1.0,0.0,0.0,0.0,1.0,0.0,0.0,0.0,1.0,0.0,1.0,1.0,0.2857142857142856,1.0,1.0,1.0,0.75,0.75,0.0,0.6666666666666667,0.0,0.0,0.0,0.0,1.0,0.0,1.0,0.0,0.0,0.5,0.25,0.5,0.0,0.0,0.75,0.05333333333333334,9
0.0,0.0,0.0,1.0,0.0,0.0,0.0,1.0,0.0,0.0,0.0,0.0,0.0,1.0,0.0,1.0,0.0,1.0,1.0,0.0,1.0,1.0,1.0,1.0,0.75,0.0,0.0,0.0,0.0,0.0,1.0,1.0,1.0,1.0,1.0,0.0,0.75,1.0,1.0,0.0,0.5,0.0,0.05333333333333334,18
0.0,0.0,1.0,0.0,0.0,0.0,0.0,1.0,0.0,0.0,0.0,1.0,0.0,0.0,0.0,1.0,0.0,1.0,1.0,0.2857142857142856,0.0,1.0,0.0,0.75,0.5,0.0,0.3333333333333333,0.0,0.0,1.0,1.0,0.0,1.0,1.0,1.0,0.0,0.75,0.5,0.5,0.25,0.5,0.25,0.05333333333333334,10
0.0,1.0,0.0,0.0,0.0,0.0,1.0,0.0,0.0,0.0,0.0,0.0,1.0,0.0,1.0,0.0,0.0,1.0,0.0,0.0,1.0,0.0,0.0,1.0,0.5,0.3333333333333333,0.0,0.3333333333333333,0.0,0.0,0.0,0.0,1.0,1.0,0.0,0.0,1.0,1.0,1.0,0.5,0.75,1.0,0.08,10
1.0,0.0,0.0,0.0,0.0,0.0,0.0,0.0,1.0,0.0,0.0,1.0,0.0,0.0,0.0,1.0,0.0,1.0,1.0,0.4285714285714284,1.0,1.0,1.0,0.5,0.5,0.0,0.6666666666666667,0.0,0.0,1.0,1.0,1.0,1.0,1.0,1.0,1.0,0.75,0.5,0.5,0.0,0.0,0.5,0.0,0
0.0,0.0,0.0,0.0,1.0,0.0,0.0,1.0,0.0,0.0,1.0,0.0,0.0,0.0,0.0,1.0,0.0,1.0,0.0,0.2857142857142856,0.0,0.0,0.0,1.0,1.0,0.3333333333333333,0.3333333333333333,0.0,0.0,1.0,1.0,0.0,1.0,1.0,1.0,0.0,0.5,0.5,0.5,0.25,0.5,0.75,0.02666666666666667,12
0.0,0.0,0.0,0.0,1.0,0.0,0.0,1.0,0.0,0.0,1.0,0.0,0.0,0.0,0.0,1.0,0.0,1.0,0.0,0.0,1.0,1.0,1.0,1.0,0.75,0.3333333333333333,0.3333333333333333,0.0,0.0,1.0,1.0,0.0,1.0,1.0,1.0,0.0,1.0,0.75,0.5,0.0,0.25,0.5,0.02666666666666667,11
0.0,0.0,1.0,0.0,0.0,0.0,0.0,1.0,0.0,0.0,0.0,0.0,0.0,1.0,0.0,0.0,1.0,1.0,1.0,0.5714285714285712,0.0,1.0,1.0,0.5,0.75,0.0,0.6666666666666667,0.3333333333333333,0.0,0.0,0.0,0.0,1.0,1.0,1.0,1.0,0.75,0.0,0.25,0.0,0.0,0.5,0.5333333333333333,11
0.0,0.0,0.0,1.0,0.0,0.0,0.0,1.0,0.0,0.0,0.0,0.0,0.0,1.0,1.0,0.0,0.0,1.0,0.0,0.1428571428571428,1.0,1.0,1.0,0.5,0.5,0.3333333333333333,0.3333333333333333,0.3333333333333333,0.0,0.0,1.0,1.0,0.0,1.0,1.0,0.0,0.75,0.75,0.25,0.0,0.0,0.5,0.16,10
1.0,0.0,0.0,0.0,0.0,1.0,0.0,0.0,0.0,0.0,0.0,1.0,0.0,0.0,0.0,1.0,0.0,1.0,0.0,0.2857142857142856,0.0,1.0,1.0,0.25,0.5,0.0,0.3333333333333333,0.0,0.0,1.0,1.0,1.0,0.0,1.0,0.0,1.0,0.5,1.0,0.25,0.25,0.25,0.0,0.02666666666666667,14
0.0,0.0,1.0,0.0,0.0,0.0,0.0,1.0,0.0,0.0,1.0,0.0,0.0,0.0,1.0,0.0,0.0,1.0,0.0,0.1428571428571428,1.0,1.0,1.0,0.5,0.5,0.0,0.3333333333333333,0.0,0.0,0.0,0.0,0.0,1.0,0.0,1.0,0.0,0.75,0.5,1.0,0.25,0.75,0.75,0.05333333333333334,10
0.0,0.0,0.0,0.0,1.0,0.0,0.0,0.0,1.0,0.0,1.0,0.0,0.0,0.0,0.0,1.0,0.0,1.0,1.0,0.2857142857142856,1.0,1.0,1.0,1.0,1.0,0.0,0.6666666666666667,0.0,0.0,1.0,1.0,1.0,1.0,1.0,1.0,0.0,1.0,0.75,0.75,0.0,0.5,0.75,0.09333333333333334,9
0.0,0.0,0.0,0.0,1.0,0.0,0.0,0.0,1.0,0.0,1.0,0.0,0.0,0.0,0.0,1.0,0.0,0.0,1.0,0.4285714285714284,1.0,0.0,1.0,0.75,0.25,0.0,0.3333333333333333,0.0,0.0,1.0,1.0,0.0,1.0,1.0,1.0,0.0,0.75,0.5,0.75,0.0,0.0,0.0,0.0,8
1.0,0.0,0.0,0.0,0.0,0.0,0.0,0.0,0.0,1.0,1.0,0.0,0.0,0.0,0.0,1.0,0.0,1.0,0.0,0.0,0.0,1.0,1.0,0.75,1.0,1.0,0.3333333333333333,0.0,0.0,1.0,0.0,0.0,1.0,1.0,0.0,1.0,1.0,0.5,0.5,0.0,0.0,1.0,0.0,0
0.0,0.0,0.0,1.0,0.0,0.0,0.0,1.0,0.0,0.0,1.0,0.0,0.0,0.0,0.0,0.0,1.0,1.0,0.0,0.714285714285714,1.0,1.0,0.0,0.75,0.5,0.0,0.0,0.0,0.0,0.0,0.0,1.0,1.0,1.0,0.0,0.0,1.0,1.0,0.5,0.0,0.0,1.0,0.0,18
0.0,0.0,1.0,0.0,0.0,0.0,0.0,1.0,0.0,0.0,0.0,1.0,0.0,0.0,0.0,1.0,0.0,0.0,1.0,0.4285714285714284,1.0,1.0,1.0,0.75,0.75,0.0,0.3333333333333333,0.0,0.0,0.0,1.0,0.0,1.0,1.0,1.0,1.0,0.75,0.0,0.5,0.0,0.25,0.0,0.0,15
0.0,0.0,0.0,0.0,1.0,0.0,0.0,1.0,0.0,0.0,1.0,0.0,0.0,0.0,0.0,1.0,0.0,1.0,1.0,0.4285714285714284,1.0,1.0,1.0,1.0,1.0,0.0,0.3333333333333333,0.0,0.0,1.0,1.0,0.0,1.0,1.0,1.0,0.0,0.75,0.75,0.75,0.5,0.5,1.0,0.02666666666666667,11
0.0,0.0,0.0,1.0,0.0,0.0,0.0,0.0,1.0,0.0,1.0,0.0,0.0,0.0,0.0,1.0,0.0,1.0,0.0,0.1428571428571428,1.0,1.0,1.0,1.0,1.0,0.0,0.0,0.0,0.0,0.0,0.0,1.0,1.0,1.0,1.0,0.0,1.0,0.5,0.25,0.0,0.25,1.0,0.0,12
0.0,0.0,1.0,0.0,0.0,0.0,0.0,1.0,0.0,0.0,0.0,0.0,1.0,0.0,0.0,1.0,0.0,1.0,1.0,0.0,1.0,0.0,0.0,0.75,0.75,0.0,0.0,0.0,0.0,0.0,1.0,0.0,1.0,1.0,1.0,0.0,1.0,0.5,0.75,0.75,0.75,0.0,0.08,13
0.0,0.0,0.0,1.0,0.0,0.0,0.0,0.0,1.0,0.0,1.0,0.0,0.0,0.0,0.0,1.0,0.0,1.0,1.0,0.1428571428571428,1.0,0.0,1.0,0.5,0.5,0.6666666666666667,0.3333333333333333,0.0,0.0,1.0,1.0,0.0,1.0,1.0,1.0,0.0,0.75,0.5,0.5,0.25,0.5,0.75,0.02666666666666667,13
0.0,0.0,1.0,0.0,0.0,0.0,0.0,1.0,0.0,0.0,0.0,0.0,0.0,1.0,0.0,1.0,0.0,1.0,1.0,0.1428571428571428,1.0,0.0,1.0,0.75,0.75,0.3333333333333333,0.3333333333333333,0.0,0.0,1.0,1.0,1.0,1.0,1.0,1.0,0.0,0.75,0.75,1.0,0.0,0.0,0.75,0.05333333333333334,9
1.0,0.0,0.0,0.0,0.0,0.0,0.0,1.0,0.0,0.0,0.0,1.0,0.0,0.0,0.0,1.0,0.0,1.0,0.0,0.2857142857142856,0.0,1.0,1.0,0.25,0.5,0.0,0.3333333333333333,0.0,0.0,0.0,0.0,0.0,1.0,1.0,0.0,0.0,0.5,0.0,0.5,0.0,1.0,0.5,0.05333333333333334,10
0.0,0.0,1.0,0.0,0.0,0.0,0.0,1.0,0.0,0.0,1.0,0.0,0.0,0.0,0.0,0.0,1.0,0.0,0.0,0.8571428571428572,0.0,1.0,1.0,0.25,0.25,0.0,0.0,1.0,0.0,0.0,0.0,0.0,0.0,1.0,0.0,0.0,1.0,1.0,0.5,0.5,0.5,0.5,0.04,7
0.0,0.0,1.0,0.0,0.0,0.0,0.0,1.0,0.0,0.0,1.0,0.0,0.0,0.0,0.0,1.0,0.0,1.0,0.0,0.1428571428571428,1.0,0.0,1.0,0.5,0.25,0.0,0.3333333333333333,0.0,0.0,0.0,1.0,1.0,1.0,1.0,1.0,1.0,0.75,0.25,0.5,0.0,0.25,1.0,0.0,15
0.0,1.0,0.0,0.0,0.0,0.0,1.0,0.0,0.0,0.0,0.0,0.0,0.0,1.0,0.0,1.0,0.0,1.0,1.0,0.1428571428571428,1.0,1.0,1.0,1.0,1.0,0.0,0.3333333333333333,0.0,0.0,1.0,1.0,0.0,1.0,1.0,1.0,1.0,0.75,0.75,0.25,0.0,0.0,0.5,0.0,14
0.0,0.0,1.0,0.0,0.0,1.0,0.0,0.0,0.0,0.0,0.0,1.0,0.0,0.0,1.0,0.0,0.0,1.0,0.0,0.0,1.0,0.0,1.0,0.25,0.5,0.0,0.3333333333333333,0.0,1.0,1.0,0.0,1.0,1.0,1.0,1.0,0.0,0.75,0.5,0.25,0.0,0.0,1.0,0.02666666666666667,9
0.0,0.0,0.0,0.0,1.0,0.0,0.0,1.0,0.0,0.0,0.0,1.0,0.0,0.0,0.0,1.0,0.0,1.0,0.0,0.0,1.0,1.0,1.0,1.0,0.5,0.0,0.3333333333333333,0.0,0.0,1.0,1.0,0.0,1.0,1.0,0.0,0.0,0.75,0.5,0.5,0.25,0.25,1.0,0.02666666666666667,14
1.0,0.0,0.0,0.0,0.0,0.0,0.0,1.0,0.0,0.0,1.0,0.0,0.0,0.0,0.0,1.0,0.0,1.0,1.0,0.4285714285714284,1.0,1.0,1.0,0.5,0.75,0.0,0.6666666666666667,0.0,0.0,1.0,0.0,0.0,1.0,1.0,1.0,0.0,0.75,0.5,0.5,0.0,0.25,0.5,0.05333333333333334,10
1.0,0.0,0.0,0.0,0.0,0.0,0.0,1.0,0.0,0.0,0.0,0.0,0.0,1.0,0.0,1.0,0.0,1.0,0.0,0.1428571428571428,1.0,1.0,1.0,0.75,0.5,0.3333333333333333,0.6666666666666667,0.0,0.0,0.0,0.0,1.0,1.0,1.0,1.0,1.0,1.0,0.5,0.5,0.0,0.5,0.25,0.13333333333333333,10
0.0,0.0,0.0,1.0,0.0,0.0,0.0,0.0,1.0,0.0,0.0,0.0,1.0,0.0,0.0,1.0,0.0,1.0,0.0,0.4285714285714284,1.0,1.0,1.0,0.5,0.25,0.0,0.0,0.3333333333333333,0.0,0.0,0.0,0.0,0.0,0.0,1.0,0.0,0.5,0.25,1.0,0.25,1.0,1.0,0.05333333333333334,8
0.0,1.0,0.0,0.0,0.0,0.0,1.0,0.0,0.0,0.0,0.0,0.0,1.0,0.0,1.0,0.0,0.0,1.0,0.0,0.0,1.0,1.0,1.0,1.0,1.0,0.0,0.0,0.0,0.0,1.0,1.0,0.0,1.0,1.0,1.0,0.0,1.0,0.75,0.25,0.0,0.0,1.0,0.0,15
0.0,0.0,0.0,1.0,0.0,0.0,0.0,1.0,0.0,0.0,0.0,0.0,0.0,1.0,0.0,0.0,1.0,1.0,1.0,0.5714285714285712,1.0,0.0,1.0,0.75,0.5,0.3333333333333333,0.3333333333333333,0.3333333333333333,0.0,1.0,1.0,0.0,0.0,1.0,1.0,1.0,0.75,0.25,0.25,0.0,0.25,0.0,0.29333333333333333,11
1.0,0.0,0.0,0.0,0.0,0.0,0.0,1.0,0.0,0.0,1.0,0.0,0.0,0.0,0.0,1.0,0.0,1.0,0.0,0.2857142857142856,0.0,0.0,1.0,0.5,0.25,0.3333333333333333,0.0,0.6666666666666666,0.0,0.0,0.0,1.0,1.0,0.0,1.0,1.0,0.5,0.5,0.25,0.25,0.25,1.0,0.0,0
0.0,0.0,1.0,0.0,0.0,0.0,0.0,0.0,1.0,0.0,0.0,1.0,0.0,0.0,0.0,1.0,0.0,1.0,1.0,0.4285714285714284,0.0,1.0,0.0,0.75,0.5,0.3333333333333333,0.3333333333333333,0.0,0.0,0.0,0.0,0.0,0.0,0.0,1.0,1.0,0.75,0.0,0.0,0.0,0.0,1.0,1.0,9
1.0,0.0,0.0,0.0,0.0,0.0,0.0,0.0,1.0,0.0,1.0,0.0,0.0,0.0,0.0,1.0,0.0,1.0,1.0,0.2857142857142856,1.0,1.0,1.0,0.25,0.25,0.0,0.3333333333333333,0.0,0.0,0.0,0.0,1.0,1.0,1.0,1.0,0.0,1.0,0.5,0.5,0.0,0.0,0.5,0.0,9
0.0,0.0,0.0,1.0,0.0,0.0,0.0,1.0,0.0,0.0,0.0,0.0,0.0,1.0,0.0,1.0,0.0,1.0,1.0,0.2857142857142856,0.0,0.0,1.0,0.75,0.25,0.3333333333333333,1.0,0.0,0.0,1.0,1.0,0.0,1.0,1.0,0.0,0.0,0.5,0.0,0.25,0.0,0.0,0.5,0.08,18
1.0,0.0,0.0,0.0,0.0,1.0,0.0,0.0,0.0,0.0,0.0,1.0,0.0,0.0,1.0,0.0,0.0,1.0,1.0,0.2857142857142856,1.0,1.0,0.0,0.5,0.5,0.0,0.3333333333333333,0.3333333333333333,0.0,1.0,0.0,0.0,1.0,1.0,1.0,1.0,0.5,0.5,0.0,0.0,0.25,0.75,0.0,0
0.0,0.0,0.0,1.0,0.0,1.0,0.0,0.0,0.0,0.0,0.0,0.0,0.0,1.0,0.0,1.0,0.0,1.0,0.0,0.5714285714285712,1.0,0.0,0.0,1.0,0.75,0.0,0.3333333333333333,0.0,0.0,1.0,0.0,0.0,1.0,1.0,1.0,0.0,0.75,0.5,0.0,0.0,0.0,0.0,0.16,11
0.0,0.0,1.0,0.0,0.0,0.0,0.0,0.0,1.0,0.0,0.0,0.0,0.0,1.0,1.0,0.0,0.0,1.0,0.0,0.5714285714285712,0.0,1.0,1.0,0.75,0.75,0.0,0.3333333333333333,0.3333333333333333,0.0,0.0,0.0,1.0,1.0,1.0,0.0,1.0,0.75,1.0,0.5,0.0,0.25,1.0,0.0,12
0.0,0.0,0.0,1.0,0.0,0.0,0.0,1.0,0.0,0.0,1.0,0.0,0.0,0.0,0.0,1.0,0.0,1.0,0.0,0.0,1.0,0.0,0.0,0.5,0.25,1.0,0.0,1.0,0.0,0.0,0.0,0.0,1.0,1.0,1.0,0.0,0.75,1.0,1.0,0.25,1.0,1.0,0.0,10
0.0,0.0,0.0,1.0,0.0,0.0,0.0,0.0,0.0,1.0,1.0,0.0,0.0,0.0,1.0,0.0,0.0,1.0,1.0,0.0,0.0,1.0,1.0,0.75,1.0,0.3333333333333333,0.6666666666666667,0.6666666666666666,0.0,1.0,0.0,0.0,1.0,1.0,1.0,1.0,0.75,0.25,0.25,0.25,0.25,1.0,0.0,0
1.0,0.0,0.0,0.0,0.0,0.0,0.0,1.0,0.0,0.0,1.0,0.0,0.0,0.0,0.0,1.0,0.0,1.0,0.0,0.1428571428571428,1.0,0.0,1.0,0.5,0.25,0.0,0.0,0.3333333333333333,0.0,0.0,0.0,1.0,1.0,1.0,0.0,1.0,0.75,0.75,0.75,0.5,1.0,1.0,0.08,14
1.0,0.0,0.0,0.0,0.0,0.0,0.0,0.0,1.0,0.0,1.0,0.0,0.0,0.0,1.0,0.0,0.0,0.0,1.0,0.4285714285714284,1.0,0.0,1.0,0.25,0.25,0.3333333333333333,0.6666666666666667,0.0,0.0,0.0,0.0,0.0,1.0,1.0,1.0,0.0,1.0,0.5,0.25,0.0,0.0,0.75,0.0,16
0.0,0.0,1.0,0.0,0.0,1.0,0.0,0.0,0.0,0.0,1.0,0.0,0.0,0.0,0.0,1.0,0.0,1.0,1.0,0.1428571428571428,1.0,1.0,1.0,1.0,0.75,0.0,0.6666666666666667,0.0,1.0,1.0,1.0,0.0,1.0,1.0,1.0,0.0,1.0,0.5,1.0,0.0,0.0,0.5,0.0,8
0.0,0.0,1.0,0.0,0.0,1.0,0.0,0.0,0.0,0.0,0.0,1.0,0.0,0.0,0.0,1.0,0.0,0.0,1.0,0.2857142857142856,1.0,1.0,1.0,0.5,0.5,0.0,0.6666666666666667,0.0,0.0,0.0,0.0,1.0,1.0,1.0,0.0,1.0,0.5,0.75,0.5,0.0,0.0,0.5,0.10666666666666667,11
0.0,0.0,1.0,0.0,0.0,0.0,0.0,1.0,0.0,0.0,0.0,0.0,0.0,1.0,0.0,1.0,0.0,1.0,1.0,0.0,1.0,1.0,1.0,1.0,0.5,0.0,0.6666666666666667,0.0,0.0,1.0,0.0,1.0,1.0,1.0,1.0,0.0,1.0,0.5,0.5,0.0,0.5,0.0,0.05333333333333334,14
0.0,0.0,1.0,0.0,0.0,0.0,0.0,1.0,0.0,0.0,1.0,0.0,0.0,0.0,0.0,1.0,0.0,1.0,0.0,0.4285714285714284,1.0,0.0,1.0,0.5,0.5,0.0,1.0,0.0,0.0,1.0,0.0,1.0,1.0,1.0,1.0,0.0,0.75,1.0,1.0,0.25,0.75,1.0,0.02666666666666667,8
0.0,0.0,0.0,1.0,0.0,0.0,0.0,1.0,0.0,0.0,0.0,0.0,1.0,0.0,0.0,1.0,0.0,1.0,1.0,0.2857142857142856,0.0,0.0,1.0,1.0,1.0,0.0,0.0,0.0,0.0,1.0,1.0,0.0,1.0,1.0,0.0,0.0,1.0,0.25,0.0,0.0,0.25,0.5,0.16,10
0.0,0.0,0.0,1.0,0.0,0.0,0.0,0.0,1.0,0.0,0.0,1.0,0.0,0.0,1.0,0.0,0.0,1.0,0.0,0.0,1.0,1.0,1.0,0.5,0.5,0.0,1.0,0.0,0.0,1.0,1.0,1.0,1.0,1.0,1.0,0.0,1.0,1.0,0.75,0.0,0.25,1.0,0.08,15
0.0,0.0,1.0,0.0,0.0,1.0,0.0,0.0,0.0,0.0,1.0,0.0,0.0,0.0,1.0,0.0,0.0,0.0,0.0,0.5714285714285712,1.0,0.0,1.0,0.25,0.25,0.0,0.0,0.0,0.0,0.0,0.0,0.0,1.0,1.0,1.0,0.0,0.5,0.25,0.5,0.5,0.5,1.0,0.06666666666666667,9
0.0,0.0,0.0,0.0,1.0,0.0,0.0,1.0,0.0,0.0,0.0,0.0,0.0,1.0,0.0,1.0,0.0,1.0,0.0,0.0,1.0,1.0,1.0,1.0,0.75,0.0,0.3333333333333333,0.0,0.0,0.0,0.0,0.0,1.0,1.0,1.0,0.0,0.75,0.75,0.0,0.0,0.0,0.0,0.0,15
0.0,1.0,0.0,0.0,0.0,0.0,0.0,1.0,0.0,0.0,0.0,0.0,0.0,1.0,0.0,1.0,0.0,1.0,1.0,0.2857142857142856,1.0,1.0,0.0,0.75,0.75,0.0,0.3333333333333333,0.0,0.0,1.0,0.0,0.0,0.0,1.0,1.0,1.0,0.5,0.5,0.5,0.0,0.5,0.5,0.08,9
0.0,0.0,1.0,0.0,0.0,0.0,0.0,1.0,0.0,0.0,1.0,0.0,0.0,0.0,0.0,1.0,0.0,1.0,0.0,0.0,1.0,1.0,1.0,1.0,0.5,0.0,1.0,0.0,0.0,0.0,0.0,0.0,1.0,1.0,1.0,0.0,0.5,0.5,0.5,0.0,0.0,0.5,0.0,10
0.0,0.0,1.0,0.0,0.0,0.0,0.0,1.0,0.0,0.0,1.0,0.0,0.0,0.0,0.0,1.0,0.0,1.0,1.0,0.0,1.0,1.0,1.0,0.5,0.5,0.0,1.0,0.0,1.0,1.0,1.0,0.0,1.0,1.0,1.0,0.0,1.0,0.0,0.25,0.0,0.0,0.5,0.10666666666666667,8
0.0,0.0,1.0,0.0,0.0,0.0,0.0,0.0,1.0,0.0,0.0,1.0,0.0,0.0,0.0,0.0,1.0,1.0,1.0,0.5714285714285712,1.0,1.0,1.0,0.75,0.75,0.0,0.3333333333333333,0.6666666666666666,0.0,1.0,1.0,1.0,1.0,1.0,1.0,0.0,0.75,0.5,1.0,0.5,0.5,1.0,0.2,9
0.0,1.0,0.0,0.0,0.0,0.0,0.0,1.0,0.0,0.0,0.0,0.0,0.0,1.0,0.0,1.0,0.0,1.0,1.0,0.2857142857142856,1.0,1.0,1.0,1.0,0.75,0.0,0.6666666666666667,0.0,0.0,1.0,1.0,1.0,1.0,1.0,1.0,1.0,0.75,0.75,0.5,0.0,0.5,0.75,0.0,15
0.0,0.0,0.0,1.0,0.0,0.0,0.0,1.0,0.0,0.0,1.0,0.0,0.0,0.0,0.0,1.0,0.0,1.0,0.0,0.0,1.0,1.0,1.0,1.0,1.0,0.0,0.0,0.0,0.0,1.0,0.0,1.0,0.0,1.0,1.0,0.0,1.0,0.5,0.5,0.0,0.0,1.0,0.05333333333333334,14
